20191030,虹口,鲁迅公园,同鸣路157号,66173元/m2,0套在售二手房,https://sh.lianjia.com/xiaoqu/509099290096520/,1998年建成 ,板楼,0.3元/平米/月,上海虹口物业管理,虹口,1,30户
20191030,虹口,鲁迅公园,恒业公寓,64434元/m2,4套在售二手房,https://sh.lianjia.com/xiaoqu/5011000018065/,1998年建成 ,塔楼/板楼,1.5元/平米/月,上海恒业物业管理有限,上海恒鑫房地产开发经营公司,14,603户
20191030,虹口,鲁迅公园,东体育会路75号,暂无,0套在售二手房,https://sh.lianjia.com/xiaoqu/5011000020391/,1993年建成 ,板楼,0.9元/平米/月,无,房虹集团,1,30户
20191030,虹口,鲁迅公园,何家宅小区,61031元/m2,44套在售二手房,https://sh.lianjia.com/xiaoqu/5011000016349/,1975年建成 ,板楼,0.8元/平米/月,上海广同物业有限,上海虹房集团有限公司,101,2160户
20191030,虹口,鲁迅公园,世博花园,78072元/m2,15套在售二手房,https://sh.lianjia.com/xiaoqu/5011000017416/,2004年建成 ,塔楼/板楼,1.85元/平米/月,上海汇枫物业发展有限,上海广伟置业有限公司,20,1065户
20191030,虹口,鲁迅公园,欧四小区,61025元/m2,26套在售二手房,https://sh.lianjia.com/xiaoqu/5011000017823/,1951年建成 ,板楼,0.6元/平米/月,宏阳,无,65,1359户
20191030,虹口,鲁迅公园,宏祥花苑,暂无,0套在售二手房,https://sh.lianjia.com/xiaoqu/5011000016874/,2000年建成 ,板楼,1.8元/平米/月,上海宏祥物业管理有限,上海市房屋实业有限公司,9,226户
20191030,虹口,鲁迅公园,安业公寓,72667元/m2,5套在售二手房,https://sh.lianjia.com/xiaoqu/5011000010419/,2008年建成 ,板楼,1.75元/平米/月,上海纪联物业管理有限,上海成业房地产发展公司,5,131户
20191030,虹口,鲁迅公园,恒通公寓,63473元/m2,9套在售二手房,https://sh.lianjia.com/xiaoqu/5011000011145/,2000年建成 ,板楼,1.6元/平米/月,上海仟宸置业发展有限,城建集团沪城房产开发有限公司,10,273户
20191030,虹口,鲁迅公园,曲阳新村,暂无,1套在售二手房,https://sh.lianjia.com/xiaoqu/5011000016758/,1993年建成 ,板楼,0.5元/平米/月,暂无信息,虹房置业,5,90户
20191030,虹口,鲁迅公园,商业一村,54121元/m2,21套在售二手房,https://sh.lianjia.com/xiaoqu/5011000013822/,1956年建成 ,板楼,1.1元/平米/月,上海广同物业有限,无,50,1519户
20191030,虹口,鲁迅公园,溧阳华府(公寓),78660元/m2,7套在售二手房,https://sh.lianjia.com/xiaoqu/5011000016907/,1990年建成 ,塔楼/板楼,0.9至1.69元/平米/月,港联,上海虹祺房地产有限公司,12,1167户
20191030,虹口,鲁迅公园,四平路421弄,暂无,0套在售二手房,https://sh.lianjia.com/xiaoqu/5011000004363/,1985年建成 ,板楼,0.55元/平米/月,宏阳,暂无信息,12,210户
20191030,虹口,鲁迅公园,恒业路118弄,58653元/m2,3套在售二手房,https://sh.lianjia.com/xiaoqu/5011000003563/,1998年建成 ,板楼,0.8元/平米/月,自主,北京方恒置业股份有限公司方恒酒店管理分公司,8,183户
20191030,虹口,鲁迅公园,北城公寓,53446元/m2,3套在售二手房,https://sh.lianjia.com/xiaoqu/5011000004326/,1996年建成 ,板楼,0.8元/平米/月,无,上海北城房地产开发经营有限公司,9,109户
20191030,虹口,鲁迅公园,同心路125弄,61835元/m2,8套在售二手房,https://sh.lianjia.com/xiaoqu/5011000005263/,1991年建成 ,板楼,0.6元/平米/月,上海东湖物业管理有限,上海宏苑房产经营有限公司,11,276户
20191030,虹口,鲁迅公园,欧阳花苑,68315元/m2,13套在售二手房,https://sh.lianjia.com/xiaoqu/5011000015834/,1997年建成 ,塔楼/板楼,0.5元/平米/月,上海宝钢源康物业管理有限,上海宝钢地产有限公司,7,1135户
20191030,虹口,鲁迅公园,宏城公寓,64627元/m2,0套在售二手房,https://sh.lianjia.com/xiaoqu/5011000000678/,暂无信息 ,塔楼,2.1元/平米/月,恒润,上海友城房地产开发有限公司,1,180户
20191030,虹口,鲁迅公园,西江湾路264弄,暂无,0套在售二手房,https://sh.lianjia.com/xiaoqu/5011000000410/,1976年建成 ,板楼,1.45元/平米/月,上海泰城物业管理发展有限,北京京盐置业有限公司,3,43户
20191030,虹口,鲁迅公园,欧阳小区,64301元/m2,8套在售二手房,https://sh.lianjia.com/xiaoqu/5011000008029/,1985年建成 ,板楼,0.51元/平米/月,宏阳,虹房置业,18,396户
20191030,虹口,鲁迅公园,庐迅大厦,49215元/m2,0套在售二手房,https://sh.lianjia.com/xiaoqu/5011000013511/,1997年建成 ,塔楼,1.85元/平米/月,虹苑物业管理,上海骏宏房地产发展有限公司,1,176户
20191030,虹口,鲁迅公园,虹光公寓,62399元/m2,1套在售二手房,https://sh.lianjia.com/xiaoqu/5011000002228/,1996年建成 ,板楼,0.5至1.2元/平米/月,上海虹维房地产开发经营中心,上海虹维房地产开发经营中心,11,146户
20191030,虹口,鲁迅公园,新大陆小区,54607元/m2,0套在售二手房,https://sh.lianjia.com/xiaoqu/5011000013398/,1999年建成 ,板楼,1.3元/平米/月,上海永定物业管理有限,暂无信息,1,56户
20191030,虹口,鲁迅公园,祥德路143弄,63014元/m2,3套在售二手房,https://sh.lianjia.com/xiaoqu/5011000002767/,1991年建成 ,板楼,1.2元/平米/月,上海宏祥物业管理有限,虹房置业,5,96户
20191030,虹口,鲁迅公园,绿洲紫荆花园,64746元/m2,4套在售二手房,https://sh.lianjia.com/xiaoqu/5011000017142/,1998年建成 ,塔楼/板楼,1.8元/平米/月,上置,上海佳镜置业有限公司,28,1116户
20191030,虹口,鲁迅公园,同心路93弄,57132元/m2,3套在售二手房,https://sh.lianjia.com/xiaoqu/5011000000269/,1985年建成 ,板楼,0.8元/平米/月,上海东湖物业管理有限,上海海富置业有限公司,5,115户
20191030,虹口,鲁迅公园,恒城花苑,65667元/m2,4套在售二手房,https://sh.lianjia.com/xiaoqu/5011000015199/,1997年建成 ,塔楼,2.8元/平米/月,戴德梁行物业管理有限,上海恒城房地产开发有限公司,2,368户
20191030,虹口,鲁迅公园,普江苑,62581元/m2,0套在售二手房,https://sh.lianjia.com/xiaoqu/5011000002632/,2000年建成 ,板楼,1.2元/平米/月,上海都佳物业管理有限,上海万都物业发展有限公司,4,34户
20191030,虹口,鲁迅公园,绿缘小区,65741元/m2,0套在售二手房,https://sh.lianjia.com/xiaoqu/5011000011155/,1998年建成 ,塔楼/板楼,0.5元/平米/月,上海邮电物业管理有限,上海绿缘房地产开发有限公司,8,408户
20191030,虹口,鲁迅公园,嘉苑公寓,62634元/m2,1套在售二手房,https://sh.lianjia.com/xiaoqu/5010322005209798/,1996年建成 ,板楼,1.45元/平米/月,上海泰城物业管理发展有限,房虹集团,20,267户
20191030,虹口,鲁迅公园,新文苑,81481元/m2,1套在售二手房,https://sh.lianjia.com/xiaoqu/5011000004330/,2001年建成 ,板楼,1.6元/平米/月,上海安福物业管理有限,上海宝祥置业有限公司,6,211户
20191030,虹口,鲁迅公园,谭家桥小区,57393元/m2,3套在售二手房,https://sh.lianjia.com/xiaoqu/5011000000985/,1948年建成 ,塔楼/板楼,0.5元/平米/月,祥德,上海天峰集团,22,422户
20191030,虹口,鲁迅公园,同和苑,74751元/m2,0套在售二手房,https://sh.lianjia.com/xiaoqu/5011000002631/,1991年建成 ,塔楼,1.3元/平米/月,得同,山西同鑫同力房地产开发有限公司榆社分公司,1,144户
20191030,虹口,鲁迅公园,欧阳路591号,53941元/m2,0套在售二手房,https://sh.lianjia.com/xiaoqu/5011000020393/,1985年建成 ,板楼,0.8元/平米/月,暂无信息,暂无信息,1,42户
20191030,虹口,鲁迅公园,飘鹰公寓,71549元/m2,1套在售二手房,https://sh.lianjia.com/xiaoqu/5011000003871/,2001年建成 ,板楼,1.8元/平米/月,上海北方物业管理有限,上海飘鹰房地产开发中心,15,204户
20191030,虹口,鲁迅公园,华清名苑,70598元/m2,4套在售二手房,https://sh.lianjia.com/xiaoqu/5011000014571/,2003年建成 ,板楼,1.5元/平米/月,上海圣波特物业管理有限,上海新长宁（集团）有限公司,7,338户
20191030,虹口,鲁迅公园,广中路30弄,60546元/m2,2套在售二手房,https://sh.lianjia.com/xiaoqu/5011000004242/,1987年建成 ,板楼,1.3元/平米/月,恒宇,上海嘉黄房产开发有限公司,6,112户
20191030,虹口,鲁迅公园,黄山路240号,61482元/m2,1套在售二手房,https://sh.lianjia.com/xiaoqu/5016023629368340/,1986年建成 ,板楼,暂无信息,翔黄,正黄置业有限公司,1,24户
20191030,虹口,鲁迅公园,玉龙大厦,62851元/m2,6套在售二手房,https://sh.lianjia.com/xiaoqu/5011000015288/,1998年建成 ,塔楼,1.5元/平米/月,上海港嘉物业管理有限,海城置业,2,424户
20191030,虹口,鲁迅公园,虹口花苑,62395元/m2,9套在售二手房,https://sh.lianjia.com/xiaoqu/5011000016311/,1997年建成 ,板楼,0.95至1.58元/平米/月,上海务民物业有限,上海景瑞企业发展股份有限公司,42,772户
20191030,虹口,鲁迅公园,兴华小区,62999元/m2,3套在售二手房,https://sh.lianjia.com/xiaoqu/5011000015099/,1997年建成 ,塔楼,暂无信息,上海良宇物业管理有限,通宇集团,1,216户
20191030,虹口,鲁迅公园,四达路210弄,66746元/m2,2套在售二手房,https://sh.lianjia.com/xiaoqu/5011000019803/,1983年建成 ,板楼,0.9元/平米/月,宏阳,暂无信息,7,126户
20191030,虹口,鲁迅公园,同鸣路143,63694元/m2,0套在售二手房,https://sh.lianjia.com/xiaoqu/5020035431131859/,1988年建成 ,平房,0.8元/平米/月,南弘置,北京绿森林置业有限公司,1,18户
20191030,虹口,鲁迅公园,兴业公寓(虹口),54365元/m2,3套在售二手房,https://sh.lianjia.com/xiaoqu/5011000017414/,1997年建成 ,板楼,1.9元/平米/月,上海兴业房产物业管理有限,上海兴业房产股份有限公司,1,126户
20191030,虹口,鲁迅公园,欧阳路300弄,暂无,0套在售二手房,https://sh.lianjia.com/xiaoqu/5011000008191/,1955年建成 ,板楼,0.4元/平米/月,上海宏阳物业管理有限,暂无信息,12,98户
20191030,虹口,鲁迅公园,宏凯公寓,53276元/m2,2套在售二手房,https://sh.lianjia.com/xiaoqu/5011000018036/,1998年建成 ,塔楼,1元/平米/月,上海诚忠物业管理有限,虹房集团上海市虹口区房地产开发经营公司,1,185户
20191030,虹口,鲁迅公园,金江公寓,76754元/m2,3套在售二手房,https://sh.lianjia.com/xiaoqu/5011000009597/,1990年建成 ,塔楼,1.58元/平米/月,上海庆达实业有限,上海国瑞房地产开发经营有限公司,2,304户
20191030,虹口,鲁迅公园,山阴路310弄,66429元/m2,0套在售二手房,https://sh.lianjia.com/xiaoqu/5011000002213/,1981年建成 ,板楼,0.8元/平米/月,上海虹口物业管理,暂无信息,4,100户
20191030,虹口,鲁迅公园,四达路166弄,59076元/m2,2套在售二手房,https://sh.lianjia.com/xiaoqu/5011000005969/,1990年建成 ,板楼,0.9元/平米/月,无,暂无信息,2,40户
20191030,虹口,鲁迅公园,德阳花苑,59629元/m2,0套在售二手房,https://sh.lianjia.com/xiaoqu/5011000017831/,1997年建成 ,板楼,1.28元/平米/月,上海万毅实业发展有限,上海万毅实业发展有限公司,8,170户
20191030,虹口,鲁迅公园,华能公寓,37511元/m2,3套在售二手房,https://sh.lianjia.com/xiaoqu/5011000015478/,1997年建成 ,板楼,1.7元/平米/月,上海华寰物业有限,上海华能咏城房地产发展公司,2,226户
20191030,虹口,鲁迅公园,吉祥苑,72167元/m2,3套在售二手房,https://sh.lianjia.com/xiaoqu/5011000005483/,2001年建成 ,板楼,1.5元/平米/月,上海仁联物业管理有限,上海申友房地产开发经济有限公司,6,142户
20191030,虹口,鲁迅公园,振大公寓,50712元/m2,0套在售二手房,https://sh.lianjia.com/xiaoqu/5011000015841/,1997年建成 ,板楼,0.5元/平米/月,祥德,虹房置业,8,130户
20191030,虹口,鲁迅公园,恒业路313弄,暂无,0套在售二手房,https://sh.lianjia.com/xiaoqu/5011000003571/,1991年建成 ,板楼,0.8元/平米/月,无,信恒集团有限公司,4,96户
20191030,虹口,鲁迅公园,西江湾路101号,66748元/m2,1套在售二手房,https://sh.lianjia.com/xiaoqu/5011000002640/,1985年建成 ,板楼,暂无信息,警虹,房虹集团,1,28户
20191030,虹口,鲁迅公园,东体育会路10号,65432元/m2,0套在售二手房,https://sh.lianjia.com/xiaoqu/5011000006401/,1977年建成 ,板楼,暂无信息,暂无信息,无,1,42户
20191030,虹口,鲁迅公园,中山北一路189弄,52556元/m2,2套在售二手房,https://sh.lianjia.com/xiaoqu/5011000002622/,1977年建成 ,板楼,1.2元/平米/月,无,无,4,108户
20191030,虹口,鲁迅公园,同心路116弄,60955元/m2,1套在售二手房,https://sh.lianjia.com/xiaoqu/5011000004844/,1991年建成 ,塔楼/板楼,1.2元/平米/月,上海东湖物业管理有限,上海海富置业有限公司,6,209户
20191030,虹口,鲁迅公园,欧阳路364弄,62016元/m2,0套在售二手房,https://sh.lianjia.com/xiaoqu/5011000002510/,1987年建成 ,板楼,0.8元/平米/月,上海虹口物业管理,虹口,4,108户
20191030,虹口,鲁迅公园,西江湾路229弄,暂无,0套在售二手房,https://sh.lianjia.com/xiaoqu/5012806775386690/,暂无信息 ,板楼,暂无信息,暂无信息,暂无信息,1,1户
20191030,虹口,鲁迅公园,四平路421弄132号,暂无,0套在售二手房,https://sh.lianjia.com/xiaoqu/5012970645270926/,暂无信息 ,未知,暂无信息,暂无信息,暂无信息,1,1户
20191030,虹口,鲁迅公园,山阴路209弄,暂无,0套在售二手房,https://sh.lianjia.com/xiaoqu/5011000002653/,1920年建成 ,未知,暂无信息,暂无信息,暂无信息,6,4户
20191030,虹口,鲁迅公园,同华苑,62910元/m2,0套在售二手房,https://sh.lianjia.com/xiaoqu/5011000003946/,1998年建成 ,板楼,0.8元/平米/月,上海广同物业有限, 合肥万科瑞翔地产有限公司,12,140户
20191030,虹口,鲁迅公园,欧阳路327号,暂无,0套在售二手房,https://sh.lianjia.com/xiaoqu/5011000005194/,1998年建成 ,板楼,0.6元/平米/月,科瑞,暂无信息,1,24户
20191030,虹口,鲁迅公园,金陵国际大厦,暂无,0套在售二手房,https://sh.lianjia.com/xiaoqu/5011000013885/,暂无信息 ,未知,暂无信息,暂无信息,暂无信息,1,26户
20191030,虹口,鲁迅公园,祥德路132号,暂无,0套在售二手房,https://sh.lianjia.com/xiaoqu/5011000002361/,2000年建成 ,塔板结合,10元/平米/月,好冠家, 陕西亿润经贸有限公司 ,1,1户
20191030,虹口,鲁迅公园,广中大楼,暂无,0套在售二手房,https://sh.lianjia.com/xiaoqu/5011000011550/,1993年建成 ,塔楼,暂无信息,暂无信息,正黄集团有限公司,1,165户
20191030,虹口,鲁迅公园,欧阳路299号,暂无,0套在售二手房,https://sh.lianjia.com/xiaoqu/5012970675942215/,暂无信息 ,未知,暂无信息,暂无信息,暂无信息,1,224户
20191030,虹口,鲁迅公园,西江湾路448号,暂无,0套在售二手房,https://sh.lianjia.com/xiaoqu/5010726091009158/,1980年建成 ,板楼,暂无信息,暂无信息,暂无信息,1,12户
20191030,虹口,鲁迅公园,溧阳路1355弄,暂无,0套在售二手房,https://sh.lianjia.com/xiaoqu/5011000003520/,1934年建成 ,板楼,0.6元/平米/月,无,暂无信息,5,7户
20191030,虹口,鲁迅公园,东体育会路115弄,暂无,0套在售二手房,https://sh.lianjia.com/xiaoqu/509821540057849/,1978年建成 ,板楼,0.8元/平米/月,暂无信息,无,6,6户
20191030,虹口,鲁迅公园,广中路2号,暂无,0套在售二手房,https://sh.lianjia.com/xiaoqu/5011000001015/,暂无信息 ,未知,暂无信息,暂无信息,暂无信息,1,1户
20191030,虹口,鲁迅公园,富杰大厦,暂无,0套在售二手房,https://sh.lianjia.com/xiaoqu/5011000000713/,1996年建成 ,塔楼,1.5元/平米/月,富汇,沈阳富禹地产,1,468户
20191030,虹口,鲁迅公园,同鸣小区,61520元/m2,0套在售二手房,https://sh.lianjia.com/xiaoqu/5011000002619/,1995年建成 ,板楼,1.6元/平米/月,无,中行申同置业,3,67户
20191030,虹口,鲁迅公园,甜爱别墅(别墅),暂无,0套在售二手房,https://sh.lianjia.com/xiaoqu/5011000013573/,1931年建成 ,板楼,0.88元/平米/月,戴德粱行物业管理顾问,暂无信息,12,12户
20191030,虹口,鲁迅公园,祥德路180弄,暂无,0套在售二手房,https://sh.lianjia.com/xiaoqu/5011000010080/,1952年建成 ,板楼,0.6元/平米/月,欧阳,虹房置业,12,151户
20191030,虹口,鲁迅公园,欧阳路317号,暂无,0套在售二手房,https://sh.lianjia.com/xiaoqu/5016389543047298/,1987年建成 ,板楼,暂无信息,暂无信息,暂无信息,1,24户
20191030,虹口,鲁迅公园,宝莲大厦,暂无,0套在售二手房,https://sh.lianjia.com/xiaoqu/5011000012280/,2006年建成 ,未知,暂无信息,暂无信息,暂无信息,1,81户
20191030,虹口,鲁迅公园,宝安路309号,暂无,0套在售二手房,https://sh.lianjia.com/xiaoqu/5020023513130971/,暂无信息 ,未知,暂无信息,暂无信息,暂无信息,1,1户
20191030,虹口,鲁迅公园,德阳花苑商务楼,暂无,0套在售二手房,https://sh.lianjia.com/xiaoqu/5011000014310/,1997年建成 ,板楼,暂无信息,暂无信息,暂无信息,1,25户
20191030,虹口,鲁迅公园,四平路325弄,暂无,0套在售二手房,https://sh.lianjia.com/xiaoqu/5011000002696/,1970年建成 ,板楼,暂无信息,暂无信息,暂无信息,5,111户
20191030,虹口,鲁迅公园,山阴路303弄,暂无,0套在售二手房,https://sh.lianjia.com/xiaoqu/5016389495337498/,2000年建成 ,板楼,0.8元/平米/月,暂无信息,暂无信息,3,13户
20191030,虹口,鲁迅公园,嘉兰大厦,41638元/m2,0套在售二手房,https://sh.lianjia.com/xiaoqu/5011000014884/,1995年建成 ,板楼,4元/平米/月,上海裕虹物业发展有限,上海裕虹物业发展有限公司,2,68户
20191030,虹口,鲁迅公园,祥德路339号,暂无,0套在售二手房,https://sh.lianjia.com/xiaoqu/5016389495337568/,1987年建成 ,板楼,暂无信息,暂无信息,暂无信息,1,18户
20191030,虹口,鲁迅公园,祥德路36弄,暂无,0套在售二手房,https://sh.lianjia.com/xiaoqu/509821540319584/,暂无信息 ,板楼,3.5元/平米/月,暂无信息,暂无信息,2,21户
20191030,虹口,鲁迅公园,恒业路368号,暂无,0套在售二手房,https://sh.lianjia.com/xiaoqu/5012970508169240/,1998年建成 ,塔楼,1.5元/平米/月,上海恒业物业管理有限,上海恒鑫房地产开发经营公司,1,2户
20191030,虹口,鲁迅公园,虹鹰大楼,暂无,0套在售二手房,https://sh.lianjia.com/xiaoqu/5011000000367/,暂无信息 ,板楼,0.6元/平米/月,暂无信息,暂无信息,1,43户
20191030,虹口,鲁迅公园,吉联大厦,60862元/m2,0套在售二手房,https://sh.lianjia.com/xiaoqu/5011000010634/,2006年建成 ,板楼,1.8元/平米/月,上海诚忠物业管理有限,上海吉联房地产开发经营有限公司,2,183户
20191030,虹口,鲁迅公园,宝安支路48-52号(双),暂无,0套在售二手房,https://sh.lianjia.com/xiaoqu/5012970721293006/,暂无信息 ,未知,暂无信息,暂无信息,暂无信息,1,1户
20191030,虹口,鲁迅公园,东体育会路29号,暂无,0套在售二手房,https://sh.lianjia.com/xiaoqu/5012970599657727/,暂无信息 ,未知,暂无信息,暂无信息,暂无信息,1,1户
20191030,虹口,鲁迅公园,西江湾路162号,暂无,0套在售二手房,https://sh.lianjia.com/xiaoqu/5015915242500117/,暂无信息 ,未知,暂无信息,暂无信息,暂无信息,1,1户
20191030,虹口,鲁迅公园,吉祥路107号,暂无,0套在售二手房,https://sh.lianjia.com/xiaoqu/5020025469513058/,暂无信息 ,未知,暂无信息,暂无信息,暂无信息,1,1户
20191030,虹口,鲁迅公园,山阴路124弄,暂无,0套在售二手房,https://sh.lianjia.com/xiaoqu/5011000009713/,暂无信息 ,板楼,0.6元/平米/月,自主,东亚兴业株式会社,3,3户
20191030,虹口,鲁迅公园,恒业路218号,暂无,0套在售二手房,https://sh.lianjia.com/xiaoqu/5016389558274213/,2000年建成 ,板楼,暂无信息,暂无信息,暂无信息,1,12户
20191030,虹口,鲁迅公园,中山北一路48号,暂无,0套在售二手房,https://sh.lianjia.com/xiaoqu/5020023452280885/,暂无信息 ,未知,暂无信息,暂无信息,暂无信息,1,1户
20191030,虹口,鲁迅公园,26映像创意工坊,暂无,0套在售二手房,https://sh.lianjia.com/xiaoqu/5011102208644/,暂无信息 ,未知,暂无信息,暂无信息,暂无信息,1,11户
20191030,虹口,鲁迅公园,曲阳路489弄8号,暂无,0套在售二手房,https://sh.lianjia.com/xiaoqu/5020027375770532/,暂无信息 ,未知,暂无信息,暂无信息,暂无信息,1,1户
20191030,虹口,鲁迅公园,黄渡路107弄,暂无,0套在售二手房,https://sh.lianjia.com/xiaoqu/5011000009544/,1938年建成 ,未知,暂无信息,暂无信息,暂无信息,4,5户
20191030,虹口,鲁迅公园,花园路48号,暂无,0套在售二手房,https://sh.lianjia.com/xiaoqu/5012970706350667/,暂无信息 ,未知,暂无信息,暂无信息,暂无信息,1,1户
20191030,虹口,鲁迅公园,宝安支路58-62号,暂无,0套在售二手房,https://sh.lianjia.com/xiaoqu/5012970721293008/,暂无信息 ,未知,暂无信息,暂无信息,暂无信息,1,1户
20191030,虹口,鲁迅公园,同鸣路216号,暂无,0套在售二手房,https://sh.lianjia.com/xiaoqu/5012970736497306/,暂无信息 ,未知,暂无信息,暂无信息,暂无信息,1,1户
20191030,虹口,鲁迅公园,吉祥路113号,暂无,0套在售二手房,https://sh.lianjia.com/xiaoqu/5013826366410168/,暂无信息 ,未知,暂无信息,暂无信息,暂无信息,1,1户
20191030,虹口,鲁迅公园,东江湾路444号,暂无,0套在售二手房,https://sh.lianjia.com/xiaoqu/5012970751701553/,暂无信息 ,未知,暂无信息,暂无信息,暂无信息,1,4户
20191030,虹口,鲁迅公园,东江湾路520号,暂无,0套在售二手房,https://sh.lianjia.com/xiaoqu/5012970751701559/,暂无信息 ,未知,暂无信息,暂无信息,暂无信息,1,1户
20191030,虹口,鲁迅公园,东宝兴路913号,暂无,0套在售二手房,https://sh.lianjia.com/xiaoqu/5012970751701360/,暂无信息 ,未知,暂无信息,暂无信息,暂无信息,1,1户
20191030,虹口,鲁迅公园,宝安路11-13号,暂无,0套在售二手房,https://sh.lianjia.com/xiaoqu/5012970721292989/,暂无信息 ,未知,暂无信息,暂无信息,暂无信息,1,2户
20191030,虹口,鲁迅公园,陈家宅路129号,暂无,0套在售二手房,https://sh.lianjia.com/xiaoqu/5020026612986219/,暂无信息 ,未知,暂无信息,暂无信息,暂无信息,1,1户
20191030,虹口,鲁迅公园,东江湾路131号,暂无,0套在售二手房,https://sh.lianjia.com/xiaoqu/5012970751701546/,1990年建成 ,平房,0.7元/平米/月,暂无信息, 陕西亿润经贸有限公司 ,1,1户
20191030,虹口,鲁迅公园,宝安支路45号,暂无,0套在售二手房,https://sh.lianjia.com/xiaoqu/5016389495337039/,1983年建成 ,未知,暂无信息,暂无信息,暂无信息,1,9户
20191030,虹口,鲁迅公园,广中路48号,暂无,0套在售二手房,https://sh.lianjia.com/xiaoqu/5016389501103821/,1989年建成 ,板楼,暂无信息,暂无信息,暂无信息,1,48户
20191030,虹口,鲁迅公园,东体育会支路41号,暂无,0套在售二手房,https://sh.lianjia.com/xiaoqu/5016389506369624/,1991年建成 ,未知,暂无信息,暂无信息,暂无信息,7,7户
20191030,虹口,鲁迅公园,同心路673号,暂无,0套在售二手房,https://sh.lianjia.com/xiaoqu/5016389506369743/,1986年建成 ,板楼,暂无信息,暂无信息,暂无信息,1,18户
20191030,虹口,鲁迅公园,宝安路292号,暂无,0套在售二手房,https://sh.lianjia.com/xiaoqu/5016389545929773/,1936年建成 ,未知,暂无信息,暂无信息,暂无信息,1,1户
20191030,虹口,鲁迅公园,西江湾路171号,暂无,0套在售二手房,https://sh.lianjia.com/xiaoqu/5012970508170078/,暂无信息 ,未知,暂无信息,暂无信息,暂无信息,1,2户
20191030,虹口,鲁迅公园,中山北一路183号,暂无,0套在售二手房,https://sh.lianjia.com/xiaoqu/5012970459410779/,暂无信息 ,未知,暂无信息,暂无信息,暂无信息,1,1户
20191030,虹口,鲁迅公园,恒业路417号,暂无,0套在售二手房,https://sh.lianjia.com/xiaoqu/5012970508169241/,暂无信息 ,未知,暂无信息,暂无信息,暂无信息,1,3户
20191030,虹口,鲁迅公园,西江湾路127号,暂无,0套在售二手房,https://sh.lianjia.com/xiaoqu/5012970508170077/,暂无信息 ,未知,暂无信息,暂无信息,暂无信息,1,1户
20191030,虹口,鲁迅公园,吉祥路107号,暂无,0套在售二手房,https://sh.lianjia.com/xiaoqu/5020025469513058/,暂无信息 ,未知,暂无信息,暂无信息,暂无信息,1,1户
20191030,虹口,鲁迅公园,恒业路218号,暂无,0套在售二手房,https://sh.lianjia.com/xiaoqu/5016389558274213/,2000年建成 ,板楼,暂无信息,暂无信息,暂无信息,1,12户
20191030,虹口,鲁迅公园,四川北路2175号,暂无,0套在售二手房,https://sh.lianjia.com/xiaoqu/5012970645270780/,暂无信息 ,未知,暂无信息,暂无信息,暂无信息,1,1户
20191030,虹口,鲁迅公园,西江湾路171号,暂无,0套在售二手房,https://sh.lianjia.com/xiaoqu/5012970508170078/,暂无信息 ,未知,暂无信息,暂无信息,暂无信息,1,2户
20191030,虹口,鲁迅公园,中山北一路183号,暂无,0套在售二手房,https://sh.lianjia.com/xiaoqu/5012970459410779/,暂无信息 ,未知,暂无信息,暂无信息,暂无信息,1,1户
20191030,虹口,鲁迅公园,东宝兴路813号,暂无,0套在售二手房,https://sh.lianjia.com/xiaoqu/5013152184709108/,2003年建成 ,板楼,暂无信息,暂无信息,暂无信息,1,2户
20191030,虹口,鲁迅公园,四平路421弄135号,暂无,0套在售二手房,https://sh.lianjia.com/xiaoqu/5012970645270929/,暂无信息 ,未知,暂无信息,暂无信息,暂无信息,1,1户
20191030,虹口,鲁迅公园,四川北路2121号,暂无,0套在售二手房,https://sh.lianjia.com/xiaoqu/5012970645270766/,暂无信息 ,未知,暂无信息,暂无信息,暂无信息,1,2户
20191030,虹口,鲁迅公园,四川北路2157号,暂无,0套在售二手房,https://sh.lianjia.com/xiaoqu/5012970645270775/,暂无信息 ,未知,暂无信息,暂无信息,暂无信息,1,3户
20191030,虹口,鲁迅公园,广中路48号,暂无,0套在售二手房,https://sh.lianjia.com/xiaoqu/5016389501103821/,1989年建成 ,板楼,暂无信息,暂无信息,暂无信息,1,48户
20191030,虹口,鲁迅公园,东体育会支路41号,暂无,0套在售二手房,https://sh.lianjia.com/xiaoqu/5016389506369624/,1991年建成 ,未知,暂无信息,暂无信息,暂无信息,7,7户
20191030,虹口,鲁迅公园,同心路673号,暂无,0套在售二手房,https://sh.lianjia.com/xiaoqu/5016389506369743/,1986年建成 ,板楼,暂无信息,暂无信息,暂无信息,1,18户
20191030,虹口,鲁迅公园,宝安路292号,暂无,0套在售二手房,https://sh.lianjia.com/xiaoqu/5016389545929773/,1936年建成 ,未知,暂无信息,暂无信息,暂无信息,1,1户
20191030,虹口,鲁迅公园,山阴路124弄,暂无,0套在售二手房,https://sh.lianjia.com/xiaoqu/5011000009713/,暂无信息 ,板楼,0.6元/平米/月,自主,东亚兴业株式会社,3,3户
20191030,虹口,鲁迅公园,中山北一路48号,暂无,0套在售二手房,https://sh.lianjia.com/xiaoqu/5020023452280885/,暂无信息 ,未知,暂无信息,暂无信息,暂无信息,1,1户
20191030,虹口,鲁迅公园,黄渡路105号,暂无,0套在售二手房,https://sh.lianjia.com/xiaoqu/5012970569249694/,暂无信息 ,未知,暂无信息,暂无信息,暂无信息,1,1户
20191030,虹口,鲁迅公园,宝安支路24号,暂无,0套在售二手房,https://sh.lianjia.com/xiaoqu/5012970721293001/,暂无信息 ,未知,暂无信息,暂无信息,暂无信息,1,2户
20191030,虹口,鲁迅公园,宝安路39号,暂无,0套在售二手房,https://sh.lianjia.com/xiaoqu/5012970721292995/,暂无信息 ,未知,暂无信息,暂无信息,暂无信息,1,1户
20191030,虹口,鲁迅公园,同心路373、383号,暂无,0套在售二手房,https://sh.lianjia.com/xiaoqu/5012970736497330/,暂无信息 ,未知,暂无信息,暂无信息,暂无信息,1,1户
20191030,虹口,鲁迅公园,庄家阁,暂无,0套在售二手房,https://sh.lianjia.com/xiaoqu/5016889679719683/,2006年建成 ,平房,2.8元/平米/月,浙江绿城物业有限,佳龙地产,1,1户
20191030,虹口,鲁迅公园,欧阳路238号,暂无,0套在售二手房,https://sh.lianjia.com/xiaoqu/5012970675942214/,暂无信息 ,未知,暂无信息,暂无信息,暂无信息,1,1户
20191030,虹口,鲁迅公园,祥德路260号,暂无,0套在售二手房,https://sh.lianjia.com/xiaoqu/5012970721293283/,暂无信息 ,未知,暂无信息,暂无信息,暂无信息,1,1户
20191030,虹口,鲁迅公园,宝安路11-13号,暂无,0套在售二手房,https://sh.lianjia.com/xiaoqu/5012970721292989/,暂无信息 ,未知,暂无信息,暂无信息,暂无信息,1,2户
20191030,虹口,鲁迅公园,天通庵路652号,暂无,0套在售二手房,https://sh.lianjia.com/xiaoqu/5012970523374203/,暂无信息 ,未知,暂无信息,暂无信息,暂无信息,1,1户
20191030,虹口,鲁迅公园,东江湾路131号,暂无,0套在售二手房,https://sh.lianjia.com/xiaoqu/5012970751701546/,1990年建成 ,平房,0.7元/平米/月,暂无信息, 陕西亿润经贸有限公司 ,1,1户
20191030,虹口,鲁迅公园,吉祥路113号,暂无,0套在售二手房,https://sh.lianjia.com/xiaoqu/5013826366410168/,暂无信息 ,未知,暂无信息,暂无信息,暂无信息,1,1户
20191030,虹口,鲁迅公园,宝安支路45号,暂无,0套在售二手房,https://sh.lianjia.com/xiaoqu/5016389495337039/,1983年建成 ,未知,暂无信息,暂无信息,暂无信息,1,9户
20191030,虹口,鲁迅公园,山阴路155号,暂无,0套在售二手房,https://sh.lianjia.com/xiaoqu/5011102208669/,暂无信息 ,未知,暂无信息,暂无信息,暂无信息,1,1户
20191030,虹口,鲁迅公园,中山北路88号,暂无,0套在售二手房,https://sh.lianjia.com/xiaoqu/5012970459410773/,暂无信息 ,未知,暂无信息,暂无信息,暂无信息,1,1户
20191030,虹口,鲁迅公园,欧阳路321号,暂无,0套在售二手房,https://sh.lianjia.com/xiaoqu/509977363956076/,1998年建成 ,板楼,暂无信息,暂无信息,暂无信息,1,24户
20191030,虹口,鲁迅公园,华博科技大楼,暂无,0套在售二手房,https://sh.lianjia.com/xiaoqu/5011000003227/,1998年建成 ,塔楼,1.5元/平米/月,上海华博物业管理有限,上海嘉黄房产开发有限公司,1,45户
20191030,虹口,鲁迅公园,溧阳华府(商铺),暂无,0套在售二手房,https://sh.lianjia.com/xiaoqu/5011000019660/,暂无信息 ,未知,暂无信息,暂无信息,暂无信息,2,5户
20191030,虹口,鲁迅公园,恒业路229号,暂无,0套在售二手房,https://sh.lianjia.com/xiaoqu/5012970508169239/,暂无信息 ,未知,暂无信息,暂无信息,暂无信息,1,1户
20191030,虹口,鲁迅公园,四平路421弄128号,暂无,0套在售二手房,https://sh.lianjia.com/xiaoqu/5012970645270923/,暂无信息 ,未知,暂无信息,暂无信息,暂无信息,1,1户
20191030,虹口,鲁迅公园,四平路421弄136号,暂无,0套在售二手房,https://sh.lianjia.com/xiaoqu/5012970645270930/,暂无信息 ,未知,暂无信息,暂无信息,暂无信息,1,1户
20191030,虹口,鲁迅公园,法兰桥创意园,暂无,0套在售二手房,https://sh.lianjia.com/xiaoqu/5011000013297/,2011年建成 ,未知,暂无信息,暂无信息,暂无信息,13,107户
20191030,虹口,鲁迅公园,空间188创意园,暂无,0套在售二手房,https://sh.lianjia.com/xiaoqu/5011000001926/,暂无信息 ,未知,暂无信息,暂无信息,暂无信息,3,237户
20191030,虹口,鲁迅公园,黄渡路27弄,暂无,0套在售二手房,https://sh.lianjia.com/xiaoqu/5011000020418/,暂无信息 ,未知,暂无信息,暂无信息,暂无信息,1,6户
20191030,虹口,鲁迅公园,凯德龙之梦虹口广场,暂无,0套在售二手房,https://sh.lianjia.com/xiaoqu/5011102208748/,2011年建成 ,板楼,30元/平米/月,上海凯德置地物业管理有限,上海岳顺置业发展有限公司,4,491户
20191030,虹口,鲁迅公园,同安楼,暂无,0套在售二手房,https://sh.lianjia.com/xiaoqu/5011000012577/,暂无信息 ,板楼,暂无信息,暂无信息,暂无信息,2,28户
20191030,虹口,鲁迅公园,山阴路226弄,暂无,0套在售二手房,https://sh.lianjia.com/xiaoqu/509977363955739/,暂无信息 ,未知,暂无信息,暂无信息,暂无信息,1,1户
20191030,虹口,鲁迅公园,山阴路325号,暂无,0套在售二手房,https://sh.lianjia.com/xiaoqu/5010112491598020/,1978年建成 ,板楼,暂无信息,暂无信息,暂无信息,1,20户
20191030,虹口,鲁迅公园,四平路357弄,暂无,0套在售二手房,https://sh.lianjia.com/xiaoqu/5011000006995/,1987年建成 ,未知,暂无信息,上海东湖物业管理有限,上海海富置业有限公司,1,18户
20191030,虹口,鲁迅公园,祥德路76弄,暂无,0套在售二手房,https://sh.lianjia.com/xiaoqu/5011000009905/,暂无信息 ,未知,暂无信息,暂无信息,暂无信息,3,4户
20191030,虹口,鲁迅公园,祥德路180弄,暂无,0套在售二手房,https://sh.lianjia.com/xiaoqu/5011000010080/,1952年建成 ,板楼,0.6元/平米/月,欧阳,虹房置业,12,151户
20191030,虹口,鲁迅公园,吉联大厦,60862元/m2,0套在售二手房,https://sh.lianjia.com/xiaoqu/5011000010634/,2006年建成 ,板楼,1.8元/平米/月,上海诚忠物业管理有限,上海吉联房地产开发经营有限公司,2,183户
20191030,虹口,鲁迅公园,东体育会路115弄,暂无,0套在售二手房,https://sh.lianjia.com/xiaoqu/509821540057849/,1978年建成 ,板楼,0.8元/平米/月,暂无信息,无,6,6户
20191030,虹口,鲁迅公园,恒业路368号,暂无,0套在售二手房,https://sh.lianjia.com/xiaoqu/5012970508169240/,1998年建成 ,塔楼,1.5元/平米/月,上海恒业物业管理有限,上海恒鑫房地产开发经营公司,1,2户
20191030,虹口,鲁迅公园,祥德路124弄,暂无,0套在售二手房,https://sh.lianjia.com/xiaoqu/5011000002555/,暂无信息 ,未知,暂无信息,暂无信息,暂无信息,3,4户
20191030,虹口,鲁迅公园,山阴路303弄,暂无,0套在售二手房,https://sh.lianjia.com/xiaoqu/5016389495337498/,2000年建成 ,板楼,0.8元/平米/月,暂无信息,暂无信息,3,13户
20191030,虹口,鲁迅公园,德阳花苑商务楼,暂无,0套在售二手房,https://sh.lianjia.com/xiaoqu/5011000014310/,1997年建成 ,板楼,暂无信息,暂无信息,暂无信息,1,25户
20191030,虹口,鲁迅公园,甜爱路331号,暂无,0套在售二手房,https://sh.lianjia.com/xiaoqu/5016389495337092/,1981年建成 ,板楼,暂无信息,暂无信息,暂无信息,1,20户
20191030,虹口,鲁迅公园,宝安支路48-52号(双),暂无,0套在售二手房,https://sh.lianjia.com/xiaoqu/5012970721293006/,暂无信息 ,未知,暂无信息,暂无信息,暂无信息,1,1户
20191030,虹口,鲁迅公园,同鸣小区,61520元/m2,0套在售二手房,https://sh.lianjia.com/xiaoqu/5011000002619/,1995年建成 ,板楼,1.6元/平米/月,无,中行申同置业,3,67户
20191030,虹口,鲁迅公园,富杰大厦,暂无,0套在售二手房,https://sh.lianjia.com/xiaoqu/5011000000713/,1996年建成 ,塔楼,1.5元/平米/月,富汇,沈阳富禹地产,1,468户
20191030,虹口,鲁迅公园,甜爱别墅(别墅),暂无,0套在售二手房,https://sh.lianjia.com/xiaoqu/5011000013573/,1931年建成 ,板楼,0.88元/平米/月,戴德粱行物业管理顾问,暂无信息,12,12户
20191030,虹口,鲁迅公园,祥德路132号,暂无,0套在售二手房,https://sh.lianjia.com/xiaoqu/5011000002361/,2000年建成 ,塔板结合,10元/平米/月,好冠家, 陕西亿润经贸有限公司 ,1,1户
20191030,虹口,鲁迅公园,金陵国际大厦,暂无,0套在售二手房,https://sh.lianjia.com/xiaoqu/5011000013885/,暂无信息 ,未知,暂无信息,暂无信息,暂无信息,1,26户
20191030,虹口,鲁迅公园,四平路325弄,暂无,0套在售二手房,https://sh.lianjia.com/xiaoqu/5011000002696/,1970年建成 ,板楼,暂无信息,暂无信息,暂无信息,5,111户
20191030,虹口,鲁迅公园,广中大楼,暂无,0套在售二手房,https://sh.lianjia.com/xiaoqu/5011000011550/,1993年建成 ,塔楼,暂无信息,暂无信息,正黄集团有限公司,1,165户
20191030,虹口,鲁迅公园,嘉兰大厦,41638元/m2,0套在售二手房,https://sh.lianjia.com/xiaoqu/5011000014884/,1995年建成 ,板楼,4元/平米/月,上海裕虹物业发展有限,上海裕虹物业发展有限公司,2,68户
20191030,虹口,鲁迅公园,欧阳路299号,暂无,0套在售二手房,https://sh.lianjia.com/xiaoqu/5012970675942215/,暂无信息 ,未知,暂无信息,暂无信息,暂无信息,1,224户
20191030,虹口,鲁迅公园,宝安路309号,暂无,0套在售二手房,https://sh.lianjia.com/xiaoqu/5020023513130971/,暂无信息 ,未知,暂无信息,暂无信息,暂无信息,1,1户
20191030,虹口,鲁迅公园,宝莲大厦,暂无,0套在售二手房,https://sh.lianjia.com/xiaoqu/5011000012280/,2006年建成 ,未知,暂无信息,暂无信息,暂无信息,1,81户
20191030,虹口,鲁迅公园,祥德路339号,暂无,0套在售二手房,https://sh.lianjia.com/xiaoqu/5016389495337568/,1987年建成 ,板楼,暂无信息,暂无信息,暂无信息,1,18户
20191030,虹口,鲁迅公园,祥德路36弄,暂无,0套在售二手房,https://sh.lianjia.com/xiaoqu/509821540319584/,暂无信息 ,板楼,3.5元/平米/月,暂无信息,暂无信息,2,21户
20191030,虹口,鲁迅公园,虹鹰大楼,暂无,0套在售二手房,https://sh.lianjia.com/xiaoqu/5011000000367/,暂无信息 ,板楼,0.6元/平米/月,暂无信息,暂无信息,1,43户
20191030,虹口,鲁迅公园,广中路2号,暂无,0套在售二手房,https://sh.lianjia.com/xiaoqu/5011000001015/,暂无信息 ,未知,暂无信息,暂无信息,暂无信息,1,1户
20191030,虹口,鲁迅公园,山阴路209弄,暂无,0套在售二手房,https://sh.lianjia.com/xiaoqu/5011000002653/,1920年建成 ,未知,暂无信息,暂无信息,暂无信息,6,4户
20191030,虹口,鲁迅公园,同华苑,62910元/m2,0套在售二手房,https://sh.lianjia.com/xiaoqu/5011000003946/,1998年建成 ,板楼,0.8元/平米/月,上海广同物业有限, 合肥万科瑞翔地产有限公司,12,140户
20191030,虹口,鲁迅公园,欧阳路317号,暂无,0套在售二手房,https://sh.lianjia.com/xiaoqu/5016389543047298/,1987年建成 ,板楼,暂无信息,暂无信息,暂无信息,1,24户
20191030,虹口,鲁迅公园,欧阳路327号,暂无,0套在售二手房,https://sh.lianjia.com/xiaoqu/5011000005194/,1998年建成 ,板楼,0.6元/平米/月,科瑞,暂无信息,1,24户
20191030,虹口,鲁迅公园,横浜路323号,暂无,0套在售二手房,https://sh.lianjia.com/xiaoqu/5016389495337748/,1985年建成 ,板楼,暂无信息,美平苑, 合肥万科瑞翔地产有限公司,1,24户
20191030,虹口,鲁迅公园,东体育会路77号,暂无,0套在售二手房,https://sh.lianjia.com/xiaoqu/5011063202553/,1986年建成 ,板楼,0.8元/平米/月,无,西上海集团,1,30户
20191030,虹口,鲁迅公园,甜爱路1号,暂无,0套在售二手房,https://sh.lianjia.com/xiaoqu/5011000011082/,暂无信息 ,未知,暂无信息,暂无信息,暂无信息,1,2户
20191030,虹口,鲁迅公园,中山北一路4号,暂无,0套在售二手房,https://sh.lianjia.com/xiaoqu/5016389501103399/,1977年建成 ,板楼,暂无信息,暂无信息,暂无信息,1,24户
20191030,虹口,鲁迅公园,宝安路317号,暂无,0套在售二手房,https://sh.lianjia.com/xiaoqu/5020023226681093/,暂无信息 ,未知,暂无信息,暂无信息,暂无信息,1,3户
20191030,虹口,鲁迅公园,溧阳路1355弄,暂无,0套在售二手房,https://sh.lianjia.com/xiaoqu/5011000003520/,1934年建成 ,板楼,0.6元/平米/月,无,暂无信息,5,7户
20191030,虹口,鲁迅公园,溧阳路1203弄,暂无,0套在售二手房,https://sh.lianjia.com/xiaoqu/509821540057196/,1936年建成 ,板楼,暂无信息,暂无信息,暂无信息,12,13户
20191030,虹口,鲁迅公园,水电路201号,暂无,0套在售二手房,https://sh.lianjia.com/xiaoqu/5011000001203/,1982年建成 ,板楼,暂无信息,暂无信息,无,1,24户
20191030,虹口,鲁迅公园,欧阳路331号,暂无,0套在售二手房,https://sh.lianjia.com/xiaoqu/5011102208671/,1998年建成 ,板楼,暂无信息,暂无信息,暂无信息,1,36户
20191030,虹口,鲁迅公园,水电路199号,暂无,0套在售二手房,https://sh.lianjia.com/xiaoqu/5011102208693/,1989年建成 ,板楼,0.1元/平米/月,上海虹口物业管理,虹口,1,24户
20191030,虹口,鲁迅公园,东江海路6号,暂无,0套在售二手房,https://sh.lianjia.com/xiaoqu/5016389371080610/,1985年建成 ,板楼,暂无信息,暂无信息,暂无信息,1,42户
20191030,虹口,鲁迅公园,宝安支路8号,暂无,0套在售二手房,https://sh.lianjia.com/xiaoqu/5012970721293009/,暂无信息 ,未知,暂无信息,暂无信息,暂无信息,1,2户
20191030,虹口,鲁迅公园,曲阳路491号,暂无,0套在售二手房,https://sh.lianjia.com/xiaoqu/5016389506370421/,1987年建成 ,板楼,暂无信息,暂无信息,暂无信息,1,20户
20191030,虹口,鲁迅公园,欧阳路323号,暂无,0套在售二手房,https://sh.lianjia.com/xiaoqu/5012216968687135/,1998年建成 ,板楼,暂无信息,暂无信息,暂无信息,1,24户
20191030,虹口,鲁迅公园,西江湾路448号,暂无,0套在售二手房,https://sh.lianjia.com/xiaoqu/5010726091009158/,1980年建成 ,板楼,暂无信息,暂无信息,暂无信息,1,12户
20191030,虹口,鲁迅公园,西江湾路233号,暂无,0套在售二手房,https://sh.lianjia.com/xiaoqu/5012970508170080/,暂无信息 ,未知,暂无信息,暂无信息,暂无信息,1,1户
20191030,虹口,鲁迅公园,吉祥路49弄,暂无,0套在售二手房,https://sh.lianjia.com/xiaoqu/5020032333427383/,暂无信息 ,未知,暂无信息,暂无信息,暂无信息,1,1户
20191030,虹口,鲁迅公园,欧阳路319号,暂无,0套在售二手房,https://sh.lianjia.com/xiaoqu/5011000004406/,1998年建成 ,板楼,0.6元/平米/月,科瑞,暂无信息,1,24户
20191030,虹口,鲁迅公园,祥德路96弄,暂无,0套在售二手房,https://sh.lianjia.com/xiaoqu/5020030557365471/,1994年建成 ,塔板结合,4元/平米/月,上医,上钞集团,1,1户
20191030,虹口,鲁迅公园,祥德路2弄,暂无,0套在售二手房,https://sh.lianjia.com/xiaoqu/5011000010147/,1929年建成 ,板楼,暂无信息,暂无信息,暂无信息,2,4户
20191030,虹口,鲁迅公园,黄渡小区,暂无,0套在售二手房,https://sh.lianjia.com/xiaoqu/509821540319378/,暂无信息 ,未知,暂无信息,暂无信息,暂无信息,6,6户
20191030,虹口,鲁迅公园,晶钻博华(公寓),暂无,0套在售二手房,https://sh.lianjia.com/xiaoqu/5011000015268/,2005年建成 ,板楼,1.6元/平米/月,暂无信息,华能集团,4,69户
20191030,虹口,鲁迅公园,宝安路279弄,暂无,0套在售二手房,https://sh.lianjia.com/xiaoqu/5011000011685/,1936年建成 ,板楼,0.6元/平米/月,无,暂无信息,5,8户
20191030,虹口,鲁迅公园,花园路76弄,暂无,0套在售二手房,https://sh.lianjia.com/xiaoqu/5011000016014/,1996年建成 ,板楼,1.3元/平米/月,无,暂无信息,3,36户
20191030,虹口,鲁迅公园,甜爱路26号,暂无,0套在售二手房,https://sh.lianjia.com/xiaoqu/5014234043821451/,1977年建成 ,板楼,暂无信息,暂无信息,无,1,16户
20191030,虹口,鲁迅公园,欧阳路325号,暂无,0套在售二手房,https://sh.lianjia.com/xiaoqu/509821540057928/,1998年建成 ,板楼,暂无信息,暂无信息,暂无信息,1,24户
20191030,虹口,鲁迅公园,祥德路25弄,暂无,0套在售二手房,https://sh.lianjia.com/xiaoqu/5011000004880/,1945年建成 ,板楼,0.8元/平米/月,无,暂无信息,10,91户
20191030,虹口,鲁迅公园,东体育会路119弄,暂无,0套在售二手房,https://sh.lianjia.com/xiaoqu/5011000006611/,1968年建成 ,板楼,1.3元/平米/月,上海虹康物业管理有限,上海中友房产开发有限公司,18,349户
20191030,虹口,鲁迅公园,花园路2号,暂无,0套在售二手房,https://sh.lianjia.com/xiaoqu/5011000007868/,1994年建成 ,板楼,0.7元/平米/月,无,房虹集团,1,18户
20191030,虹口,鲁迅公园,华昌路174-176号,暂无,0套在售二手房,https://sh.lianjia.com/xiaoqu/5012970706350677/,1997年建成 ,板楼,1.5元/平米/月,暂无信息,河南花花牛乳业集团股份有限公司,1,1户
20191030,虹口,鲁迅公园,溧阳路1367号,暂无,0套在售二手房,https://sh.lianjia.com/xiaoqu/5011000011636/,暂无信息 ,板楼,0.5元/平米/月,上海川北物业有限,虹口,1,2户
20191030,虹口,鲁迅公园,宝安路172号,暂无,0套在售二手房,https://sh.lianjia.com/xiaoqu/5020037458542154/,暂无信息 ,未知,暂无信息,暂无信息,暂无信息,1,1户
20191030,虹口,鲁迅公园,花园路38号,暂无,0套在售二手房,https://sh.lianjia.com/xiaoqu/5012970706350663/,暂无信息 ,未知,暂无信息,暂无信息,暂无信息,1,13户
20191030,虹口,鲁迅公园,办公楼虹口区,暂无,0套在售二手房,https://sh.lianjia.com/xiaoqu/5011000016691/,1995年建成 ,未知,暂无信息,暂无信息,暂无信息,75,1354户
20191030,虹口,鲁迅公园,四川北路2285号,暂无,0套在售二手房,https://sh.lianjia.com/xiaoqu/5011102208887/,1984年建成 ,板楼,0.1元/平米/月,无,上海房地产有限公司,1,20户
20191030,虹口,鲁迅公园,黄渡路65号,暂无,0套在售二手房,https://sh.lianjia.com/xiaoqu/5020027420868265/,暂无信息 ,未知,暂无信息,暂无信息,暂无信息,1,2户
20191030,虹口,鲁迅公园,晶钻博华(办公楼),暂无,0套在售二手房,https://sh.lianjia.com/xiaoqu/5011000003627/,2005年建成 ,未知,暂无信息,暂无信息,暂无信息,1,396户
20191030,虹口,鲁迅公园,溧阳路1333弄,暂无,0套在售二手房,https://sh.lianjia.com/xiaoqu/5011000004165/,1995年建成 ,未知,暂无信息,暂无信息,暂无信息,6,43户
20191030,虹口,鲁迅公园,四达路58弄23号,暂无,0套在售二手房,https://sh.lianjia.com/xiaoqu/5012970645270874/,暂无信息 ,未知,暂无信息,暂无信息,暂无信息,1,28户
20191030,虹口,鲁迅公园,吉祥路53号,暂无,0套在售二手房,https://sh.lianjia.com/xiaoqu/5012970443682447/,暂无信息 ,未知,暂无信息,暂无信息,暂无信息,1,1户
20191030,虹口,鲁迅公园,四平路421弄132号,暂无,0套在售二手房,https://sh.lianjia.com/xiaoqu/5012970645270926/,暂无信息 ,未知,暂无信息,暂无信息,暂无信息,1,1户
20191030,虹口,鲁迅公园,溧阳路1377弄,暂无,0套在售二手房,https://sh.lianjia.com/xiaoqu/5020023694608360/,暂无信息 ,未知,暂无信息,暂无信息,暂无信息,1,1户
20191030,虹口,鲁迅公园,东体育会路70弄,74359元/m2,1套在售二手房,https://sh.lianjia.com/xiaoqu/5016389501103526/,1984年建成 ,板楼,暂无信息,暂无信息,无,2,36户
20191030,虹口,鲁迅公园,祥德路331号,62831元/m2,1套在售二手房,https://sh.lianjia.com/xiaoqu/5011000000573/,1987年建成 ,板楼,0.6元/平米/月,自主,虹房置业,1,18户
20191030,虹口,鲁迅公园,山阴路274弄,暂无,0套在售二手房,https://sh.lianjia.com/xiaoqu/5011000010116/,暂无信息 ,未知,暂无信息,暂无信息,暂无信息,6,8户
20191030,虹口,鲁迅公园,恒丰里,暂无,1套在售二手房,https://sh.lianjia.com/xiaoqu/5011000003200/,1918年建成 ,板楼/塔板结合,0.6至9元/平米/月,仲量联行,宏阳,30,50户
20191030,虹口,鲁迅公园,山阴路112弄,暂无,0套在售二手房,https://sh.lianjia.com/xiaoqu/5011000007425/,1924年建成 ,板楼,0.8元/平米/月,暂无信息,暂无信息,10,14户
20191030,虹口,鲁迅公园,山阴路144弄,暂无,0套在售二手房,https://sh.lianjia.com/xiaoqu/5020021483428747/,暂无信息 ,未知,暂无信息,暂无信息,暂无信息,2,2户
20191030,虹口,鲁迅公园,东体育会路70弄,74359元/m2,1套在售二手房,https://sh.lianjia.com/xiaoqu/5016389501103526/,1984年建成 ,板楼,暂无信息,暂无信息,无,2,36户
20191030,虹口,鲁迅公园,模一小区,66027元/m2,0套在售二手房,https://sh.lianjia.com/xiaoqu/5011000019188/,1978年建成 ,板楼,暂无信息,无,房虹集团,12,264户
20191030,虹口,鲁迅公园,宝安路201号,暂无,0套在售二手房,https://sh.lianjia.com/xiaoqu/5020041838320617/,暂无信息 ,未知,暂无信息,暂无信息,暂无信息,1,1户
20191030,虹口,鲁迅公园,祥德路12弄,暂无,0套在售二手房,https://sh.lianjia.com/xiaoqu/5020035539133270/,暂无信息 ,未知,暂无信息,暂无信息,暂无信息,1,1户
20191030,虹口,鲁迅公园,广中路148号,52284元/m2,1套在售二手房,https://sh.lianjia.com/xiaoqu/5011102208869/,1982年建成 ,板楼,0.8元/平米/月,无, 重庆汇东房地产开发有限公司,1,25户
20191030,虹口,鲁迅公园,欧阳路555弄,64764元/m2,0套在售二手房,https://sh.lianjia.com/xiaoqu/5011000003838/,1994年建成 ,板楼,0.6元/平米/月,上海华联物业管理有限,鑫鸿置业有限公司,6,83户
20191030,虹口,鲁迅公园,欧阳大厦,58587元/m2,0套在售二手房,https://sh.lianjia.com/xiaoqu/5011000015484/,1995年建成 ,板楼,1.25元/平米/月,上海合力房产发展有限,上海日荣房地产发展有限公司,1,102户
20191030,虹口,鲁迅公园,兴业坊,暂无,0套在售二手房,https://sh.lianjia.com/xiaoqu/5011000004534/,1926年建成 ,板楼,0.8元/平米/月,暂无信息,暂无信息,16,31户
20191030,虹口,鲁迅公园,安吉里,暂无,0套在售二手房,https://sh.lianjia.com/xiaoqu/5011000010906/,1936年建成 ,板楼,1元/平米/月,自主,虹口,5,7户
20191030,虹口,鲁迅公园,机施公寓,65958元/m2,0套在售二手房,https://sh.lianjia.com/xiaoqu/5011000000102/,1993年建成 ,塔楼,0.9元/平米/月,无,暂无信息,1,126户
20191030,虹口,鲁迅公园,祥德路119号,61681元/m2,0套在售二手房,https://sh.lianjia.com/xiaoqu/5011000007436/,1973年建成 ,板楼,0.8元/平米/月,无,暂无信息,1,40户
20191030,虹口,鲁迅公园,明杨豪苑,87802元/m2,1套在售二手房,https://sh.lianjia.com/xiaoqu/5011000015415/,2004年建成 ,板楼,1.6元/平米/月,上海旭阳万欣,上海家美房地产发展有限公司,3,158户
20191030,虹口,鲁迅公园,山三小区,暂无,0套在售二手房,https://sh.lianjia.com/xiaoqu/5011000004312/,1936年建成 ,板楼,0.8元/平米/月,暂无信息,暂无信息,9,14户
20191030,虹口,鲁迅公园,甜爱路301号,暂无,0套在售二手房,https://sh.lianjia.com/xiaoqu/5016389501103595/,1980年建成 ,板楼,暂无信息,暂无信息,暂无信息,1,16户
20191030,虹口,鲁迅公园,四达里,暂无,0套在售二手房,https://sh.lianjia.com/xiaoqu/5011000011287/,1936年建成 ,板楼,0.8元/平米/月,无,天津市和平区建设开发公司,31,50户
20191030,虹口,鲁迅公园,西江湾路235弄,72652元/m2,1套在售二手房,https://sh.lianjia.com/xiaoqu/5011000007434/,1994年建成 ,板楼,0.45元/平米/月,上海虹口物业管理,虹口,8,162户
20191030,虹口,鲁迅公园,西江湾路111号,59587元/m2,1套在售二手房,https://sh.lianjia.com/xiaoqu/509821540319534/,1985年建成 ,板楼,暂无信息,上海广同物业有限,房虹集团,1,25户
20191030,虹口,鲁迅公园,大陆新,暂无,0套在售二手房,https://sh.lianjia.com/xiaoqu/5011000003072/,暂无信息 ,板楼,0.8元/平米/月,宏阳,暂无信息,9,12户
20191030,虹口,鲁迅公园,宝安路325号,暂无,0套在售二手房,https://sh.lianjia.com/xiaoqu/5016571174235390/,暂无信息 ,未知,暂无信息,暂无信息,暂无信息,1,1户
20191030,虹口,鲁迅公园,山阴路145弄,暂无,1套在售二手房,https://sh.lianjia.com/xiaoqu/5011000005474/,1936年建成 ,板楼,1.2元/平米/月,暂无信息,暂无信息,7,16户
20191030,虹口,鲁迅公园,西江湾路115号,暂无,1套在售二手房,https://sh.lianjia.com/xiaoqu/509977363955874/,1985年建成 ,板楼,暂无信息,暂无信息,西上海集团,1,25户
20191030,虹口,鲁迅公园,山阴路63号,暂无,0套在售二手房,https://sh.lianjia.com/xiaoqu/5012971622018707/,暂无信息 ,板楼,暂无信息,暂无信息,暂无信息,1,1户
20191030,虹口,鲁迅公园,东江湾路590号,暂无,0套在售二手房,https://sh.lianjia.com/xiaoqu/5011000007231/,1986年建成 ,板楼,1.2元/平米/月,上海无容大物业管理有限,无,1,18户
20191030,虹口,鲁迅公园,祥德路48弄,暂无,0套在售二手房,https://sh.lianjia.com/xiaoqu/5011063203094/,1948年建成 ,板楼,0.5元/平米/月,无,暂无信息,2,6户
20191030,虹口,鲁迅公园,欧阳路500弄,61311元/m2,0套在售二手房,https://sh.lianjia.com/xiaoqu/5011000001035/,1996年建成 ,板楼,1.8元/平米/月,宏阳,暂无信息,5,44户
20191030,虹口,鲁迅公园,东江湾路590号,暂无,0套在售二手房,https://sh.lianjia.com/xiaoqu/5011000007231/,1986年建成 ,板楼,1.2元/平米/月,上海无容大物业管理有限,无,1,18户
20191030,虹口,鲁迅公园,东江湾路46号,暂无,0套在售二手房,https://sh.lianjia.com/xiaoqu/5020025062554353/,暂无信息 ,未知,暂无信息,暂无信息,暂无信息,1,1户
20191030,虹口,鲁迅公园,中山北一路140弄,69791元/m2,1套在售二手房,https://sh.lianjia.com/xiaoqu/5011000006366/,1979年建成 ,板楼,暂无信息,中环,上海虹房置业有限公司,12,336户
20191030,虹口,鲁迅公园,大连西路615号,55142元/m2,1套在售二手房,https://sh.lianjia.com/xiaoqu/5011000006420/,1984年建成 ,板楼,1元/平米/月,上海华寰物业有限,华能集团,1,30户
20191030,虹口,鲁迅公园,商贸大厦,暂无,0套在售二手房,https://sh.lianjia.com/xiaoqu/5011000013261/,1996年建成 ,塔楼,暂无信息,上海嘉里房地产发展有限,嘉里建设,1,169户
20191030,虹口,鲁迅公园,四川北路2044号,暂无,0套在售二手房,https://sh.lianjia.com/xiaoqu/5017048751583706/,1994年建成 ,板楼,3元/平米/月,暂无信息,上海安控房产,1,1户
20191030,虹口,鲁迅公园,敏德坊,暂无,0套在售二手房,https://sh.lianjia.com/xiaoqu/5011000002652/,1930年建成 ,板楼,暂无信息,暂无信息,暂无信息,18,25户
20191030,虹口,鲁迅公园,积善里(虹口),暂无,0套在售二手房,https://sh.lianjia.com/xiaoqu/5011000011085/,暂无信息 ,板楼,1.5元/平米/月,绿地,暂无信息,8,14户
20191030,虹口,鲁迅公园,山阴路343弄,67503元/m2,0套在售二手房,https://sh.lianjia.com/xiaoqu/5011000002962/,1976年建成 ,板楼,0.2元/平米/月,上海虹口物业管理,虹口,4,104户
20191030,虹口,鲁迅公园,山阴大楼,暂无,0套在售二手房,https://sh.lianjia.com/xiaoqu/5010956372716777/,1949年建成 ,板楼,暂无信息,暂无信息,暂无信息,1,24户
20191030,虹口,鲁迅公园,甜爱大楼,63420元/m2,0套在售二手房,https://sh.lianjia.com/xiaoqu/5011000016768/,1998年建成 ,塔楼,1.8元/平米/月,上海菱建物业管理有限,上海爱建房地产有限公司,1,200户
20191030,虹口,鲁迅公园,中原证券大厦,52540元/m2,2套在售二手房,https://sh.lianjia.com/xiaoqu/5011000017552/,1996年建成 ,塔楼,1.2元/平米/月,自主,中原证券大厦,1,154户
20191030,虹口,鲁迅公园,山阴路335号,暂无,0套在售二手房,https://sh.lianjia.com/xiaoqu/5016389501103347/,1978年建成 ,板楼,暂无信息,暂无信息,暂无信息,1,20户
20191030,虹口,鲁迅公园,祥德路95号,暂无,0套在售二手房,https://sh.lianjia.com/xiaoqu/509977363956002/,1976年建成 ,板楼,暂无信息,暂无信息,暂无信息,1,24户
20191030,虹口,鲁迅公园,宝安路293号,暂无,0套在售二手房,https://sh.lianjia.com/xiaoqu/5011000011515/,暂无信息 ,未知,暂无信息,暂无信息,暂无信息,1,1户
20191030,虹口,鲁迅公园,恒盛里,暂无,1套在售二手房,https://sh.lianjia.com/xiaoqu/5011000004071/,1927年建成 ,板楼,1.1元/平米/月,无,暂无信息,13,70户
20191030,虹口,鲁迅公园,横浜路325号,65089元/m2,1套在售二手房,https://sh.lianjia.com/xiaoqu/5011000002460/,1985年建成 ,板楼,0.7元/平米/月,无,天津紫祥润投资有限公司,1,24户
20191030,虹口,鲁迅公园,恒业路311弄,55073元/m2,1套在售二手房,https://sh.lianjia.com/xiaoqu/5011000002411/,1991年建成 ,板楼,0.8元/平米/月,海恒,恒资投资建设,2,60户
20191030,虹口,鲁迅公园,甜爱别墅(公寓),暂无,1套在售二手房,https://sh.lianjia.com/xiaoqu/5011000001905/,1995年建成 ,板楼,2.1元/平米/月,戴德梁行物业管理有限,暂无信息,3,56户
20191030,虹口,鲁迅公园,欧阳名邸,72876元/m2,0套在售二手房,https://sh.lianjia.com/xiaoqu/5011000017560/,2003年建成 ,塔楼/板楼,1元/平米/月,上海华联物业管理有限,鑫鸿置业有限公司,9,448户
20191030,虹口,鲁迅公园,祥德路208弄,暂无,0套在售二手房,https://sh.lianjia.com/xiaoqu/5011000009682/,1930年建成 ,板楼/平房,0.4至1元/平米/月,宏阳,虹房置业,6,25户
20191030,虹口,鲁迅公园,建设新村,58186元/m2,0套在售二手房,https://sh.lianjia.com/xiaoqu/5011000006328/,1954年建成 ,板楼,2元/平米/月,上海华联物业管理有限,上海申冠置业发展有限公司,32,787户
20191030,虹口,鲁迅公园,恒业路408号,54592元/m2,1套在售二手房,https://sh.lianjia.com/xiaoqu/5011102208882/,1998年建成 ,塔楼,0.8元/平米/月,上海恒业物业管理有限,上海恒鑫房地产开发经营公司,1,88户
20191030,虹口,鲁迅公园,广中路146号,55000元/m2,1套在售二手房,https://sh.lianjia.com/xiaoqu/5011102208857/,1982年建成 ,板楼,暂无信息,暂无信息, 陕西亿润经贸有限公司 ,1,20户
20191030,虹口,鲁迅公园,西江湾路105号,81377元/m2,0套在售二手房,https://sh.lianjia.com/xiaoqu/5011102208702/,1985年建成 ,板楼,1.2元/平米/月,自主,房虹集团,1,20户
20191030,虹口,鲁迅公园,东照里,98940元/m2,4套在售二手房,https://sh.lianjia.com/xiaoqu/5011000011503/,1930年建成 ,板楼,0.5元/平米/月,自主,暂无信息,63,120户
20191030,虹口,鲁迅公园,同乐村,58865元/m2,4套在售二手房,https://sh.lianjia.com/xiaoqu/5011000004748/,1972年建成 ,板楼,1.3元/平米/月,无,房虹集团,20,405户
20191030,虹口,鲁迅公园,怡景大厦,63748元/m2,1套在售二手房,https://sh.lianjia.com/xiaoqu/5011000010767/,1996年建成 ,塔楼,1.5元/平米/月,上海百特物业管理有限,上海冶建房产经营开发公司,2,216户
20191030,虹口,鲁迅公园,恒业路216号,59713元/m2,1套在售二手房,https://sh.lianjia.com/xiaoqu/5011839820017181/,2000年建成 ,板楼,暂无信息,恒德,上海恒信源置业有限公司,1,12户
20191030,虹口,鲁迅公园,同鸣路149号,58892元/m2,1套在售二手房,https://sh.lianjia.com/xiaoqu/5020032682735943/,1998年建成 ,平房,0.8元/平米/月,同盛,中行申同置业,1,24户
20191030,虹口,鲁迅公园,祥德路139弄,58938元/m2,0套在售二手房,https://sh.lianjia.com/xiaoqu/5011000003420/,1968年建成 ,板楼,0.8元/平米/月,无,暂无信息,5,87户
20191030,虹口,鲁迅公园,同心苑,60355元/m2,0套在售二手房,https://sh.lianjia.com/xiaoqu/5011000004250/,1998年建成 ,塔楼/板楼,1元/平米/月,上海海运物业管理,上海宏苑房产经营有限公司,19,609户
20191030,虹口,鲁迅公园,山阴路351号,暂无,0套在售二手房,https://sh.lianjia.com/xiaoqu/5011000006342/,1978年建成 ,板楼,0.8元/平米/月,自主,暂无信息,1,24户
20191030,虹口,鲁迅公园,文华别墅(虹口),暂无,0套在售二手房,https://sh.lianjia.com/xiaoqu/5011000011641/,1930年建成 ,平房,0.5元/平米/月,暂无信息,暂无信息,8,9户
20191030,虹口,鲁迅公园,同济里伍街,暂无,1套在售二手房,https://sh.lianjia.com/xiaoqu/5011000009495/,1935年建成 ,板楼/平房,0.4至1.25元/平米/月,暂无信息,青岛即发房地产开发有限公司,18,79户
20191030,虹口,鲁迅公园,欧九小区,64117元/m2,7套在售二手房,https://sh.lianjia.com/xiaoqu/5011000003953/,1981年建成 ,板楼,0.5元/平米/月,上海宏阳物业有限,宏阳,22,528户
20191030,虹口,鲁迅公园,钧茂公寓,64639元/m2,2套在售二手房,https://sh.lianjia.com/xiaoqu/5011000015456/,1998年建成 ,板楼,1.3元/平米/月,上海钧茂置业有限,上海钧茂置业有限公司,9,116户
20191030,虹口,鲁迅公园,中山北一路6号,77283元/m2,1套在售二手房,https://sh.lianjia.com/xiaoqu/5011000002618/,1977年建成 ,板楼,0.8元/平米/月,无,暂无信息,1,24户
20191030,虹口,鲁迅公园,东宝兴路835弄,71462元/m2,2套在售二手房,https://sh.lianjia.com/xiaoqu/5011000006363/,1980年建成 ,板楼,1.2元/平米/月,上海海叶置业有限,上海海富置业有限公司,9,114户
20191030,虹口,鲁迅公园,久乐大厦,62007元/m2,2套在售二手房,https://sh.lianjia.com/xiaoqu/5011000011737/,1997年建成 ,板楼,1.2元/平米/月,上海爱德华物业管理有限,上海七百集团虹口商业房地产经营公司,1,108户
20191030,虹口,鲁迅公园,绿寓,39343元/m2,1套在售二手房,https://sh.lianjia.com/xiaoqu/5011000012760/,1997年建成 ,板楼,0.8元/平米/月,上海华顺物业发展有限,辛集市胡合营华玺房地产开发有限公司,9,89户
20191030,虹口,鲁迅公园,山阴路208弄,暂无,0套在售二手房,https://sh.lianjia.com/xiaoqu/50000000001271/,暂无信息 ,未知,暂无信息,暂无信息,暂无信息,1,1户
20191030,虹口,鲁迅公园,嘉和国际大厦,暂无,0套在售二手房,https://sh.lianjia.com/xiaoqu/5011000017426/,1999年建成 ,塔板结合,18元/平米/月,上海家合物业管理有限,上海家合置业有限公司,2,738户
20191030,虹口,鲁迅公园,嘉宏紫薇园,67756元/m2,3套在售二手房,https://sh.lianjia.com/xiaoqu/5011000011949/,2001年建成 ,塔楼/板楼,1.5元/平米/月,丽华,上海新世界(集团)有限公司,10,432户
20191030,虹口,鲁迅公园,晶钻博华大厦,暂无,0套在售二手房,https://sh.lianjia.com/xiaoqu/5011102208779/,暂无信息 ,塔楼,暂无信息,暂无信息,暂无信息,1,612户
20191030,虹口,鲁迅公园,曲阳路493号,69832元/m2,1套在售二手房,https://sh.lianjia.com/xiaoqu/5010163580055585/,1987年建成 ,板楼,暂无信息,暂无信息,暂无信息,1,20户
20191030,虹口,鲁迅公园,山阴路85弄,暂无,0套在售二手房,https://sh.lianjia.com/xiaoqu/5011000006219/,1936年建成 ,板楼,1元/平米/月,上海共茂物业管理有限,物业和度娘都不知道开发商名称,8,14户
20191030,虹口,鲁迅公园,裕群公寓,58393元/m2,4套在售二手房,https://sh.lianjia.com/xiaoqu/5011000017511/,1985年建成 ,塔楼/板楼,1.5元/平米/月,上海永邦房地产开发经营,上海永邦房地产开发经营总公司,5,246户
20191030,虹口,鲁迅公园,德华苑,74629元/m2,1套在售二手房,https://sh.lianjia.com/xiaoqu/5011000017619/,2003年建成 ,板楼,1.9元/平米/月,上海广欣物业管理有限,上海艺话房地产投资开发有限公司,5,106户
20191030,虹口,鲁迅公园,冠都公寓,70097元/m2,3套在售二手房,https://sh.lianjia.com/xiaoqu/5011000004521/,1999年建成 ,塔楼,1.2元/平米/月,上海轻玻物业管理有限,上海新世界集团,1,108户
20191030,虹口,鲁迅公园,建玮公寓,72472元/m2,4套在售二手房,https://sh.lianjia.com/xiaoqu/5011000012948/,1998年建成 ,板楼,1.1元/平米/月,上海建玮物业管理有限,三河市红晟投资有限公司,12,298户
20191030,虹口,鲁迅公园,北郊小区,62582元/m2,5套在售二手房,https://sh.lianjia.com/xiaoqu/5011000014975/,1980年建成 ,板楼,0.5至1.1元/平米/月,宏阳,上海虹房(集团)有限公司,25,587户
20191030,虹口,鲁迅公园,华星公寓,67071元/m2,4套在售二手房,https://sh.lianjia.com/xiaoqu/5011000012957/,1997年建成 ,板楼,1.6元/平米/月,上海华星房地产实业有限,佳鸿房地产开发有限公司,15,200户
20191030,虹口,鲁迅公园,四达路25弄,54866元/m2,1套在售二手房,https://sh.lianjia.com/xiaoqu/5011000006803/,1977年建成 ,板楼,0.2元/平米/月,上海虹房物业集团,上海虹房集团有限公司,4,282户
20191030,虹口,鲁迅公园,四达路220弄,58691元/m2,0套在售二手房,https://sh.lianjia.com/xiaoqu/5011000017549/,1958年建成 ,板楼,0.5元/平米/月,四达,虹房置业,10,256户
20191030,虹口,鲁迅公园,文宇公寓,67675元/m2,5套在售二手房,https://sh.lianjia.com/xiaoqu/5011000004862/,2004年建成 ,塔楼/板楼,1.3元/平米/月,上海文宇物业管理,上海川华房地产开发有限公司,5,240户
20191030,虹口,鲁迅公园,山阴路44弄,暂无,0套在售二手房,https://sh.lianjia.com/xiaoqu/5011000010897/,1993年建成 ,板楼,3元/平米/月,上海建政,上海南上海动拆迁置业有限公司,8,9户
20191030,虹口,鲁迅公园,山水苑,82778元/m2,1套在售二手房,https://sh.lianjia.com/xiaoqu/5011000012594/,2003年建成 ,板楼,0.45元/平米/月,上海投琼物业管理有限,上海市政置业发展有限公司,7,178户
20191030,虹口,鲁迅公园,曲阳公寓,65157元/m2,0套在售二手房,https://sh.lianjia.com/xiaoqu/5011000011741/,1999年建成 ,板楼,1.4元/平米/月,上海华寰物业有限,虹房集团上海市虹口区房产开发经营公司,1,85户
20191030,虹口,鲁迅公园,欧五小区,67157元/m2,4套在售二手房,https://sh.lianjia.com/xiaoqu/5011000011588/,1979年建成 ,板楼,0.55元/平米/月,宏阳,宏阳,32,639户
20191030,虹口,鲁迅公园,虹仪小区,66197元/m2,11套在售二手房,https://sh.lianjia.com/xiaoqu/5011000015762/,1990年建成 ,板楼,0.65元/平米/月,上海科瑞物业管理发展有限,无,28,600户
