20191030,浦东,惠南,惠康苑,25069元/m2,32套在售二手房,https://sh.lianjia.com/xiaoqu/5011000001735/,2010年建成 ,塔楼/板楼,1.17至1.2元/平米/月,上海佳信物业管理有限,上海中建申拓投资发展有限公司,39,3183户
20191030,浦东,惠南,惠康苑西苑,25648元/m2,12套在售二手房,https://sh.lianjia.com/xiaoqu/5011102210386/,2014年建成 ,塔楼/板楼,1.17元/平米/月,上海佳信物业管理有限,上海申拓投资发展有限公司,14,816户
20191030,浦东,惠南,德盈佳园,20920元/m2,30套在售二手房,https://sh.lianjia.com/xiaoqu/5011000013962/,2008年建成 ,板楼,0.65至1.7元/平米/月,上海联讯物业管理有限,上海川沙界龙联合发展有限公司,98,1429户
20191030,浦东,惠南,惠益新苑,25553元/m2,16套在售二手房,https://sh.lianjia.com/xiaoqu/5011000002357/,2014年建成 ,塔楼/板楼,0.8元/平米/月,上海硕雅物业管理有限,中建集团,17,1286户
20191030,浦东,惠南,布鲁斯小镇(一期)(别墅),31627元/m2,22套在售二手房,https://sh.lianjia.com/xiaoqu/5011000011574/,2010年建成 ,板楼,2.8元/平米/月,保利物业管理有限,绿城集团,446,446户
20191030,浦东,惠南,红光花苑,27893元/m2,9套在售二手房,https://sh.lianjia.com/xiaoqu/5011000009808/,2005年建成 ,板楼,0.7至1元/平米/月,上房,六合开放,129,1038户
20191030,浦东,惠南,远洋万和四季,30398元/m2,10套在售二手房,https://sh.lianjia.com/xiaoqu/5011063202930/,2014年建成 ,板楼,2.9元/平米/月,上海远基物业管理有限,上海远汇置业有限公司,40,2467户
20191030,浦东,惠南,鹏润伊顿公馆,33396元/m2,18套在售二手房,https://sh.lianjia.com/xiaoqu/5011000004230/,2013年建成 ,板楼,0.8至2.8元/平米/月,长城,上海鹏汇房地产开发有限公司,32,1061户
20191030,浦东,惠南,华钜御庭(二期)(公寓),35979元/m2,7套在售二手房,https://sh.lianjia.com/xiaoqu/5011102206889/,2011年建成 ,板楼,2.2元/平米/月,徐虎,上海颐和置业有限公司,22,788户
20191030,浦东,惠南,布鲁斯小镇(绿地・皇家官邸),21272元/m2,10套在售二手房,https://sh.lianjia.com/xiaoqu/5020035950181685/,2013年建成 ,板楼,1.9至1.98元/平米/月,上海欣周物业管理有限,上海绿地集团,42,1312户
20191030,浦东,惠南,康敏苑,26421元/m2,11套在售二手房,https://sh.lianjia.com/xiaoqu/5011000001455/,2007年建成 ,板楼,1.2元/平米/月,上海南汇惠房物业管理有限,上海康敏置业有限公司,43,610户
20191030,浦东,惠南,惠康苑东苑,24790元/m2,3套在售二手房,https://sh.lianjia.com/xiaoqu/5011102210385/,2014年建成 ,板楼,1.17至1.2元/平米/月,上海佳信物业管理有限,上海申拓投资发展有限公司,9,506户
20191030,浦东,惠南,申云小区,21854元/m2,13套在售二手房,https://sh.lianjia.com/xiaoqu/5011000004942/,1998年建成 ,板楼,0.8元/平米/月,上海南汇惠房物业管理有限,惠房置业有限公司,38,401户
20191030,浦东,惠南,桃花源一村,23606元/m2,7套在售二手房,https://sh.lianjia.com/xiaoqu/5011000019847/,1997年建成 ,板楼,0.5元/平米/月,上海南汇惠房物业管理有限,上海瀛浦置业有限公司,73,862户
20191030,浦东,惠南,宝业万华城,31278元/m2,20套在售二手房,https://sh.lianjia.com/xiaoqu/5011102206714/,2014年建成 ,板楼,2.85元/平米/月,上海同进物业服务有限,上海宝筑房地产开发有限公司,99,2080户
20191030,浦东,惠南,东原逸墅,37749元/m2,4套在售二手房,https://sh.lianjia.com/xiaoqu/5011102206563/,2016年建成 ,塔楼/板楼,2.9至3.8元/平米/月,重庆东原物业管理,上海天同房地产开发有限公司 ,154,1272户
20191030,浦东,惠南,兴东佳苑(一期),26137元/m2,6套在售二手房,https://sh.lianjia.com/xiaoqu/5011000011386/,2001年建成 ,板楼,0.68至0.78元/平米/月,文赢,上海浩东置业有限公司,58,644户
20191030,浦东,惠南,博佳花园,25720元/m2,14套在售二手房,https://sh.lianjia.com/xiaoqu/5011000013028/,2004年建成 ,板楼,0.8至2元/平米/月,泰燕,上海博佳房地产开发有限公司,36,696户
20191030,浦东,惠南,荡湾新村,24554元/m2,29套在售二手房,https://sh.lianjia.com/xiaoqu/5011000001087/,1983年建成 ,板楼,0.8元/平米/月,上海南汇惠房物业管理有限,惠房置业有限公司,143,2050户
20191030,浦东,惠南,民乐城惠益绿苑,28016元/m2,7套在售二手房,https://sh.lianjia.com/xiaoqu/5011102206782/,2013年建成 ,塔楼/板楼,1.07元/平米/月,上海硕雅物业管理有限,中建八局,28,1384户
20191030,浦东,惠南,海燕二村,25396元/m2,5套在售二手房,https://sh.lianjia.com/xiaoqu/5011000001679/,1994年建成 ,板楼,0.1元/平米/月,无,上海海燕房地产经营有限公司,27,291户
20191030,浦东,惠南,惠益新苑南苑,25636元/m2,3套在售二手房,https://sh.lianjia.com/xiaoqu/5011102206927/,2014年建成 ,塔楼/板楼,0.8元/平米/月,中建,中建集团,8,448户
20191030,浦东,惠南,乐源城B区,22765元/m2,3套在售二手房,https://sh.lianjia.com/xiaoqu/5011102206806/,2006年建成 ,板楼,0.6元/平米/月,自主,东土集团有限公司,22,200户
20191030,浦东,惠南,东卫小区,25203元/m2,1套在售二手房,https://sh.lianjia.com/xiaoqu/5011000019409/,2003年建成 ,板楼,0.7元/平米/月,赢浦置,赢浦置业管理有限公司,11,110户
20191030,浦东,惠南,听潮四村,24671元/m2,10套在售二手房,https://sh.lianjia.com/xiaoqu/5011000001383/,1994年建成 ,板楼,0.7元/平米/月,中汇,上海县房地产,68,796户
20191030,浦东,惠南,惠南一方新城,29798元/m2,19套在售二手房,https://sh.lianjia.com/xiaoqu/5011000004896/,2008年建成 ,板楼,1.1元/平米/月,上海彩虹房屋物业管理有限,富成房地产有限公司,54,969户
20191030,浦东,惠南,东方听潮豪园,28140元/m2,13套在售二手房,https://sh.lianjia.com/xiaoqu/5011000012854/,2008年建成 ,板楼,1.5元/平米/月,自主,上海脉通房产开发经营有限公司,41,1010户
20191030,浦东,惠南,丹桂佳苑,22058元/m2,16套在售二手房,https://sh.lianjia.com/xiaoqu/5011000003127/,2008年建成 ,板楼,0.5元/平米/月,自主,上海明智房地产有限公司,119,1428户
20191030,浦东,惠南,中洲珑悦,30077元/m2,6套在售二手房,https://sh.lianjia.com/xiaoqu/5011000000167/,2013年建成 ,板楼,2.8元/平米/月,上海长城,中洲控股(上海)上海深长城地产有限公司,24,525户
20191030,浦东,惠南,西北新村,24472元/m2,10套在售二手房,https://sh.lianjia.com/xiaoqu/5011000001390/,1980年建成 ,板楼,0.6元/平米/月,上海南汇惠房物业管理有限,天津西北新村投资有限公司,70,1025户
20191030,浦东,惠南,人民新村,26710元/m2,3套在售二手房,https://sh.lianjia.com/xiaoqu/5011000000469/,1964年建成 ,板楼,0.44元/平米/月,上海南汇惠房物业管理有限,周康置业开发有限公司,54,959户
20191030,浦东,惠南,古北香堤岭,40547元/m2,6套在售二手房,https://sh.lianjia.com/xiaoqu/5011000009214/,2010年建成 ,板楼,4.5至5元/平米/月,上海建玮物业/戴德梁行物业顾问,上海杉野置业有限公司,114,114户
20191030,浦东,惠南,人生港湾南欧城,30830元/m2,11套在售二手房,https://sh.lianjia.com/xiaoqu/5011000002265/,2009年建成 ,板楼,2.88元/平米/月,深圳市开元国际物业管理有限,港房地产经营开发公司,47,1116户
20191030,浦东,惠南,民乐城丽园,26137元/m2,5套在售二手房,https://sh.lianjia.com/xiaoqu/5011000000343/,2014年建成 ,板楼,1.15元/平米/月,上海彩虹房屋物业管理有限,彩虹房地产,46,904户
20191030,浦东,惠南,莎海惠晨苑,25867元/m2,22套在售二手房,https://sh.lianjia.com/xiaoqu/5011000014457/,2006年建成 ,板楼,0.5至1.17元/平米/月,悦聘,上海莎海实业(集团)有限公司,109,736户
20191030,浦东,惠南,桃源二村,25243元/m2,4套在售二手房,https://sh.lianjia.com/xiaoqu/5011000004533/,1995年建成 ,板楼,0.8至1.51元/平米/月,上海彩虹房屋物业管理有限,上海瀛浦置业有限公司,28,198户
20191030,浦东,惠南,听潮六村,24628元/m2,14套在售二手房,https://sh.lianjia.com/xiaoqu/5011000003776/,1993年建成 ,板楼,0.5元/平米/月,上海欣周物业管理有限,上海县房地产,194,1426户
20191030,浦东,惠南,三八新村,26338元/m2,2套在售二手房,https://sh.lianjia.com/xiaoqu/5011000001640/,1990年建成 ,板楼,0.8元/平米/月,自主,无,35,425户
20191030,浦东,惠南,锦绣汇丽苑,24898元/m2,7套在售二手房,https://sh.lianjia.com/xiaoqu/5011000011330/,2007年建成 ,板楼,1.25元/平米/月,上海汇丽物业管理有限,上海良伟置业有限公司,46,564户
20191030,浦东,惠南,布鲁斯小镇(二期),26766元/m2,12套在售二手房,https://sh.lianjia.com/xiaoqu/5020035950178990/,2011年建成 ,板楼,1.9至1.98元/平米/月,上海欣周物业管理有限,上海绿地集团,33,886户
20191030,浦东,惠南,布鲁斯小镇(一期),27086元/m2,3套在售二手房,https://sh.lianjia.com/xiaoqu/5011000012453/,2010年建成 ,板楼,1.9元/平米/月,上海宝钢源康物业管理有限,上海市绿地集团置业有限公司,8,188户
20191030,浦东,惠南,枫丹白露别墅,46452元/m2,17套在售二手房,https://sh.lianjia.com/xiaoqu/5011000014333/,2000年建成 ,板楼,3至3.5元/平米/月,上海菱建物业管理有限,上海爱凌置业有限公司,272,272户
20191030,浦东,惠南,听潮民乐苑,26802元/m2,9套在售二手房,https://sh.lianjia.com/xiaoqu/5011000000493/,2002年建成 ,板楼,0.4元/平米/月,悦聘,上海申东房地产公司,120,1200户
20191030,浦东,惠南,新凤凰城,29610元/m2,2套在售二手房,https://sh.lianjia.com/xiaoqu/5011000002154/,2006年建成 ,板楼,1.22至4.5元/平米/月,上海鑫源,上海颐和置业有限公司,29,575户
20191030,浦东,惠南,华钜御庭(一期),34973元/m2,2套在售二手房,https://sh.lianjia.com/xiaoqu/5011102206867/,2007年建成 ,板楼,1.4元/平米/月,暂无信息,上海颐和置业有限公司,12,387户
20191030,浦东,惠南,水利新村,25826元/m2,1套在售二手房,https://sh.lianjia.com/xiaoqu/5011000019414/,1979年建成 ,板楼,0.5元/平米/月,万达,天津投资有限公司,10,109户
20191030,浦东,惠南,东城花苑二村,26515元/m2,11套在售二手房,https://sh.lianjia.com/xiaoqu/5011000011160/,1998年建成 ,板楼,0.6元/平米/月,上海联讯物业管理有限,上海南汇物资总公司房地产开发公司,89,585户
20191030,浦东,惠南,江南清漪园,26549元/m2,7套在售二手房,https://sh.lianjia.com/xiaoqu/5011000012668/,2004年建成 ,板楼,0.55元/平米/月,万亚,上海在线置业发展有限公司,32,600户
20191030,浦东,惠南,龙源星城,18370元/m2,25套在售二手房,https://sh.lianjia.com/xiaoqu/5011000011974/,2001年建成 ,板楼,0.6至1元/平米/月,东土,东土集团有限公司,42,1566户
20191030,浦东,惠南,民乐城丽园(北园),26208元/m2,2套在售二手房,https://sh.lianjia.com/xiaoqu/5011000001992/,2014年建成 ,板楼,1.17元/平米/月,上海彩虹房屋物业管理有限,彩虹房地产,40,886户
20191030,浦东,惠南,惠丰园小区,26352元/m2,3套在售二手房,https://sh.lianjia.com/xiaoqu/5011000019552/,1994年建成 ,板楼,0.3元/平米/月,上海鑫源,青岛良友房地产开发有限公司,13,154户
20191030,浦东,惠南,工农新村(惠南),24737元/m2,0套在售二手房,https://sh.lianjia.com/xiaoqu/5016703531789662/,1981年建成 ,板楼,1元/平米/月,自主,暂无信息,2,50户
20191030,浦东,惠南,浦东颐景园,37571元/m2,6套在售二手房,https://sh.lianjia.com/xiaoqu/5011000019848/,2017年建成 ,板楼,2.8元/平米/月,上海颐景园物业管理有限,上海三花颐景置业有限公司,18,1248户
20191030,浦东,惠南,禹洲商业广场,17044元/m2,22套在售二手房,https://sh.lianjia.com/xiaoqu/5011000018888/,2015年建成 ,塔楼,暂无信息,深圳华侨城物业服务,上海禹洲房地产开发有限公司,8,1053户
20191030,浦东,惠南,中汇花园(南汇),23612元/m2,4套在售二手房,https://sh.lianjia.com/xiaoqu/5011000013849/,1995年建成 ,板楼,0.6至5元/平米/月,泰燕,上海中汇投资发展总公司,46,303户
20191030,浦东,惠南,东城华都,26267元/m2,8套在售二手房,https://sh.lianjia.com/xiaoqu/5011000019040/,2004年建成 ,板楼,0.8元/平米/月,自主,上海山易巴房地产开发有限公司,30,314户
20191030,浦东,惠南,听潮五村,24254元/m2,10套在售二手房,https://sh.lianjia.com/xiaoqu/5011000005527/,1993年建成 ,板楼,0.5元/平米/月,自主,上海欣周开发有限公司,153,1014户
20191030,浦东,惠南,听潮一村,25635元/m2,2套在售二手房,https://sh.lianjia.com/xiaoqu/5011000002144/,1987年建成 ,板楼,0.9元/平米/月,上海南汇惠房物业管理有限,上海欣周开发有限公司,55,838户
20191030,浦东,惠南,城基路242号,暂无,0套在售二手房,https://sh.lianjia.com/xiaoqu/5016635435715265/,1987年建成 ,板楼,暂无信息,暂无信息,暂无信息,1,20户
20191030,浦东,惠南,靖海苑(公寓),26464元/m2,5套在售二手房,https://sh.lianjia.com/xiaoqu/5011000002412/,2005年建成 ,板楼,1.1元/平米/月,上海南汇惠房物业管理有限,暂无信息,17,144户
20191030,浦东,惠南,香桂园,24832元/m2,1套在售二手房,https://sh.lianjia.com/xiaoqu/5011000000301/,2007年建成 ,板楼,0.8元/平米/月,圣维仕,上海燕阳置业有限公司,24,298户
20191030,浦东,惠南,梅花路169弄,26404元/m2,2套在售二手房,https://sh.lianjia.com/xiaoqu/509821540057763/,1999年建成 ,板楼,暂无信息,暂无信息,暂无信息,11,106户
20191030,浦东,惠南,金地城三期御领,28449元/m2,6套在售二手房,https://sh.lianjia.com/xiaoqu/5011000019616/,2013年建成 ,板楼,1.6元/平米/月,暂无信息,上海甬申置业有限公司,16,493户
20191030,浦东,惠南,西门新村,21290元/m2,0套在售二手房,https://sh.lianjia.com/xiaoqu/5011000001806/,1973年建成 ,板楼,0.44元/平米/月,上海南汇惠房物业管理有限,暂无信息,21,295户
20191030,浦东,惠南,西南新村,22214元/m2,6套在售二手房,https://sh.lianjia.com/xiaoqu/5011000001671/,1979年建成 ,板楼,0.44元/平米/月,上海南汇惠房物业管理有限,暂无信息,26,448户
20191030,浦东,惠南,莎海苑,22388元/m2,1套在售二手房,https://sh.lianjia.com/xiaoqu/5011063203508/,2003年建成 ,板楼,0.6元/平米/月,上海彩虹房屋物业管理有限,暂无信息,16,110户
20191030,浦东,惠南,车站南路12号,21832元/m2,0套在售二手房,https://sh.lianjia.com/xiaoqu/5011000019559/,1994年建成 ,板楼,0.3元/平米/月,上海南汇惠房物业管理有限,上海临港南汇新城经济发展有限公司,6,90户
20191030,浦东,惠南,吉园坊,25456元/m2,0套在售二手房,https://sh.lianjia.com/xiaoqu/5011000001957/,2008年建成 ,板楼,暂无信息,暂无信息,暂无信息,45,1524户
20191030,浦东,惠南,东城时代华庭(公寓),27360元/m2,6套在售二手房,https://sh.lianjia.com/xiaoqu/5011000009013/,2001年建成 ,板楼,0.5至2元/平米/月,威格斯,宏士达房地产开发有限公司,59,788户
20191030,浦东,惠南,锦园坊,24321元/m2,6套在售二手房,https://sh.lianjia.com/xiaoqu/5011000001655/,2007年建成 ,板楼,0.4至0.8元/平米/月,自主,上海培润实业发展有限公司,24,428户
20191030,浦东,惠南,泰燕华庭,25844元/m2,7套在售二手房,https://sh.lianjia.com/xiaoqu/5011000001847/,2005年建成 ,板楼,0.75元/平米/月,泰燕,上海泰燕房地产有限公司,44,500户
20191030,浦东,惠南,南园坊,19248元/m2,6套在售二手房,https://sh.lianjia.com/xiaoqu/5011000002725/,2004年建成 ,板楼,暂无信息,暂无信息,暂无信息,112,551户
20191030,浦东,惠南,育新新村,23949元/m2,2套在售二手房,https://sh.lianjia.com/xiaoqu/5011000019745/,1981年建成 ,板楼,0.2元/平米/月,上海南汇惠房物业管理有限,上海县房地产,7,119户
20191030,浦东,惠南,碧桂园浦东南郡,26656元/m2,0套在售二手房,https://sh.lianjia.com/xiaoqu/5011000001240/,2009年建成 ,板楼/塔板结合,1.37元/平米/月,鼎基,上海鼎基房地产开发有限公司,33,1212户
20191030,浦东,惠南,农场路13号,21233元/m2,0套在售二手房,https://sh.lianjia.com/xiaoqu/5016389495337304/,1992年建成 ,板楼,暂无信息,暂无信息,暂无信息,1,15户
20191030,浦东,惠南,成功家园(公寓),21434元/m2,1套在售二手房,https://sh.lianjia.com/xiaoqu/5011000004454/,2010年建成 ,板楼,1.5元/平米/月,上海怡东物业管理有限,上海诚功实业有限公司,8,81户
20191030,浦东,惠南,卫星东路50弄,暂无,1套在售二手房,https://sh.lianjia.com/xiaoqu/5011000019955/,1978年建成 ,板楼,0.3元/平米/月,上海南汇惠房物业管理有限,暂无信息,4,88户
20191030,浦东,惠南,兴东佳苑(二期),30522元/m2,0套在售二手房,https://sh.lianjia.com/xiaoqu/5011102206564/,2013年建成 ,板楼,2元/平米/月,自主,上海浩东置业有限公司,7,118户
20191030,浦东,惠南,西门锦绣苑,26518元/m2,5套在售二手房,https://sh.lianjia.com/xiaoqu/5011000010458/,2006年建成 ,板楼,0.5至1元/平米/月,上海彩虹房屋物业管理有限,彩虹房地产,83,1008户
20191030,浦东,惠南,广衍路29弄,22275元/m2,0套在售二手房,https://sh.lianjia.com/xiaoqu/5011102206629/,1998年建成 ,板楼,暂无信息,暂无信息,暂无信息,2,24户
20191030,浦东,惠南,华盛新村,25402元/m2,2套在售二手房,https://sh.lianjia.com/xiaoqu/5011000010201/,1995年建成 ,板楼,0.5元/平米/月,暂无信息,暂无信息,27,305户
20191030,浦东,惠南,南粮新村,24324元/m2,1套在售二手房,https://sh.lianjia.com/xiaoqu/5011000018926/,1989年建成 ,板楼,0.3元/平米/月,南信,南信隆开发商有限公司,8,128户
20191030,浦东,惠南,文化新村(惠南),22611元/m2,2套在售二手房,https://sh.lianjia.com/xiaoqu/5011000019707/,1982年建成 ,塔楼/板楼,0.6元/平米/月,上海图锦物业有限,暂无信息,21,212户
20191030,浦东,惠南,梅花新村(惠南),25647元/m2,3套在售二手房,https://sh.lianjia.com/xiaoqu/5011102207788/,1993年建成 ,板楼,0.4元/平米/月,上海彩虹房屋物业管理有限,暂无信息,31,309户
20191030,浦东,惠南,皇宫半岛,26774元/m2,7套在售二手房,https://sh.lianjia.com/xiaoqu/5011000013732/,2004年建成 ,板楼,0.4元/平米/月,上海佳安物业管理有限责任,上海生南房地产开发(集团)有限公司,135,225户
20191030,浦东,惠南,华观商住楼,20455元/m2,1套在售二手房,https://sh.lianjia.com/xiaoqu/5011386420997483/,2004年建成 ,板楼,暂无信息,暂无信息,暂无信息,10,80户
20191030,浦东,惠南,彩虹苑,暂无,0套在售二手房,https://sh.lianjia.com/xiaoqu/5011000005127/,2003年建成 ,板楼,暂无信息,暂无信息,暂无信息,5,39户
20191030,浦东,惠南,美邦启立产业园,暂无,0套在售二手房,https://sh.lianjia.com/xiaoqu/5011000013147/,暂无信息 ,未知,暂无信息,暂无信息,暂无信息,6,10户
20191030,浦东,惠南,广衍路51弄,暂无,0套在售二手房,https://sh.lianjia.com/xiaoqu/509821540319457/,1980年建成 ,板楼,暂无信息,暂无信息,暂无信息,8,8户
20191030,浦东,惠南,靖海苑(别墅),暂无,0套在售二手房,https://sh.lianjia.com/xiaoqu/5011000005394/,2005年建成 ,板楼,1.1元/平米/月,上海南汇惠房物业管理有限,暂无信息,12,12户
20191030,浦东,惠南,东门大街78号,暂无,0套在售二手房,https://sh.lianjia.com/xiaoqu/5012970599657677/,暂无信息 ,未知,暂无信息,暂无信息,暂无信息,1,1户
20191030,浦东,惠南,下盐路6666号,暂无,0套在售二手房,https://sh.lianjia.com/xiaoqu/5012970523373593/,暂无信息 ,未知,暂无信息,暂无信息,暂无信息,1,1户
20191030,浦东,惠南,盐大路2469号,暂无,0套在售二手房,https://sh.lianjia.com/xiaoqu/5012970523374505/,暂无信息 ,未知,暂无信息,暂无信息,暂无信息,1,1户
20191030,浦东,惠南,文化路113号,暂无,0套在售二手房,https://sh.lianjia.com/xiaoqu/5016389506369911/,暂无信息 ,板楼,暂无信息,暂无信息,暂无信息,1,18户
20191030,浦东,惠南,新街路2号,暂无,0套在售二手房,https://sh.lianjia.com/xiaoqu/5016389506370521/,1980年建成 ,板楼,暂无信息,暂无信息,暂无信息,1,12户
20191030,浦东,惠南,南祝路3941号,暂无,0套在售二手房,https://sh.lianjia.com/xiaoqu/5020023222486805/,暂无信息 ,未知,暂无信息,暂无信息,暂无信息,1,1户
20191030,浦东,惠南,东门大街410号,暂无,0套在售二手房,https://sh.lianjia.com/xiaoqu/5016389398891484/,1989年建成 ,未知,暂无信息,暂无信息,暂无信息,1,4户
20191030,浦东,惠南,东门大街420弄,暂无,0套在售二手房,https://sh.lianjia.com/xiaoqu/5016389501103424/,1999年建成 ,未知,暂无信息,暂无信息,暂无信息,2,5户
20191030,浦东,惠南,民乐城丽冬苑,暂无,0套在售二手房,https://sh.lianjia.com/xiaoqu/5020031869703731/,暂无信息 ,未知,暂无信息,暂无信息,暂无信息,2,73户
20191030,浦东,惠南,文体路10号,暂无,0套在售二手房,https://sh.lianjia.com/xiaoqu/5016389371080646/,1976年建成 ,板楼,暂无信息,暂无信息,暂无信息,1,15户
20191030,浦东,惠南,新村路1430号,暂无,0套在售二手房,https://sh.lianjia.com/xiaoqu/5012970736496890/,暂无信息 ,未知,暂无信息,暂无信息,暂无信息,1,2户
20191030,浦东,惠南,新村路1410号,暂无,0套在售二手房,https://sh.lianjia.com/xiaoqu/5012970736496888/,暂无信息 ,未知,暂无信息,暂无信息,暂无信息,1,2户
20191030,浦东,惠南,民乐城馨园,暂无,0套在售二手房,https://sh.lianjia.com/xiaoqu/5016389398891419/,暂无信息 ,板楼,暂无信息,暂无信息,暂无信息,22,672户
20191030,浦东,惠南,听潮南路128号,暂无,0套在售二手房,https://sh.lianjia.com/xiaoqu/5012970736497206/,暂无信息 ,未知,暂无信息,暂无信息,暂无信息,1,1户
20191030,浦东,惠南,亦园路142弄,暂无,0套在售二手房,https://sh.lianjia.com/xiaoqu/5016389506369615/,2002年建成 ,板楼,暂无信息,暂无信息,暂无信息,4,27户
20191030,浦东,惠南,振欣路126号,暂无,0套在售二手房,https://sh.lianjia.com/xiaoqu/5016389506369956/,1984年建成 ,未知,暂无信息,暂无信息,暂无信息,1,4户
20191030,浦东,惠南,汇华路1弄,暂无,0套在售二手房,https://sh.lianjia.com/xiaoqu/5016389495337411/,2002年建成 ,板楼,暂无信息,暂无信息,暂无信息,5,27户
20191030,浦东,惠南,大同路487号,暂无,0套在售二手房,https://sh.lianjia.com/xiaoqu/5016389495337924/,1983年建成 ,板楼,暂无信息,暂无信息,暂无信息,1,15户
20191030,浦东,惠南,文益街1、5号,暂无,0套在售二手房,https://sh.lianjia.com/xiaoqu/5020026296321805/,暂无信息 ,未知,暂无信息,暂无信息,暂无信息,1,1户
20191030,浦东,惠南,南团公路69、71号,暂无,0套在售二手房,https://sh.lianjia.com/xiaoqu/5020025062553515/,暂无信息 ,未知,暂无信息,暂无信息,暂无信息,1,1户
20191030,浦东,惠南,迎薰路1163号,暂无,0套在售二手房,https://sh.lianjia.com/xiaoqu/5020025288085761/,暂无信息 ,未知,暂无信息,暂无信息,暂无信息,1,1户
20191030,浦东,惠南,拱北路2327号,暂无,0套在售二手房,https://sh.lianjia.com/xiaoqu/5020027693585435/,暂无信息 ,未知,暂无信息,暂无信息,暂无信息,1,1户
20191030,浦东,惠南,通济路78号,暂无,0套在售二手房,https://sh.lianjia.com/xiaoqu/5012970736497260/,暂无信息 ,未知,暂无信息,暂无信息,暂无信息,1,1户
20191030,浦东,惠南,靖海路185弄,暂无,0套在售二手房,https://sh.lianjia.com/xiaoqu/5016389501103746/,2011年建成 ,板楼,暂无信息,暂无信息,暂无信息,4,40户
20191030,浦东,惠南,新村路1250号,暂无,0套在售二手房,https://sh.lianjia.com/xiaoqu/5012970736496881/,暂无信息 ,未知,暂无信息,暂无信息,暂无信息,1,2户
20191030,浦东,惠南,川南奉公路6688号,暂无,0套在售二手房,https://sh.lianjia.com/xiaoqu/5012970675941507/,暂无信息 ,未知,暂无信息,暂无信息,暂无信息,1,1户
20191030,浦东,惠南,振兴大楼(黄路镇),暂无,0套在售二手房,https://sh.lianjia.com/xiaoqu/5016635417605037/,1982年建成 ,板楼,0.8元/平米/月,暂无信息,暂无信息,2,30户
20191030,浦东,惠南,通济路150号,暂无,0套在售二手房,https://sh.lianjia.com/xiaoqu/5012970736497259/,暂无信息 ,未知,暂无信息,暂无信息,暂无信息,1,1户
20191030,浦东,惠南,新村路791号,暂无,0套在售二手房,https://sh.lianjia.com/xiaoqu/5012970736496930/,暂无信息 ,未知,暂无信息,暂无信息,暂无信息,1,1户
20191030,浦东,惠南,迎熏路1059号,暂无,0套在售二手房,https://sh.lianjia.com/xiaoqu/5020032400537105/,暂无信息 ,未知,暂无信息,暂无信息,暂无信息,1,1户
20191030,浦东,惠南,拱极路2273号,暂无,0套在售二手房,https://sh.lianjia.com/xiaoqu/5012970691145875/,暂无信息 ,未知,暂无信息,暂无信息,暂无信息,1,1户
20191030,浦东,惠南,拱北路581号,暂无,0套在售二手房,https://sh.lianjia.com/xiaoqu/5012970691145873/,暂无信息 ,未知,暂无信息,暂无信息,暂无信息,1,1户
20191030,浦东,惠南,宣黄路2626号,暂无,0套在售二手房,https://sh.lianjia.com/xiaoqu/5012970630066662/,暂无信息 ,未知,暂无信息,暂无信息,暂无信息,1,1户
20191030,浦东,惠南,拱极路3045号,暂无,0套在售二手房,https://sh.lianjia.com/xiaoqu/5012970691145889/,暂无信息 ,未知,暂无信息,暂无信息,暂无信息,1,1户
20191030,浦东,惠南,拱极路2574号,暂无,0套在售二手房,https://sh.lianjia.com/xiaoqu/5012970691145880/,暂无信息 ,未知,暂无信息,暂无信息,暂无信息,1,1户
20191030,浦东,惠南,钦公塘路509弄37号,暂无,0套在售二手房,https://sh.lianjia.com/xiaoqu/5020027096663141/,暂无信息 ,未知,暂无信息,暂无信息,暂无信息,1,1户
20191030,浦东,惠南,天雅村酒店,暂无,0套在售二手房,https://sh.lianjia.com/xiaoqu/5010277429980721/,暂无信息 ,板楼,暂无信息,暂无信息,暂无信息,1,1户
20191030,浦东,惠南,城东路86号,暂无,0套在售二手房,https://sh.lianjia.com/xiaoqu/5012517882212109/,暂无信息 ,板楼,暂无信息,暂无信息,暂无信息,1,10户
20191030,浦东,惠南,拱极路4758号,暂无,0套在售二手房,https://sh.lianjia.com/xiaoqu/5012970691145891/,暂无信息 ,未知,暂无信息,暂无信息,暂无信息,1,1户
20191030,浦东,惠南,拱极路2554号,暂无,0套在售二手房,https://sh.lianjia.com/xiaoqu/5012970691145879/,暂无信息 ,未知,暂无信息,暂无信息,暂无信息,1,1户
20191030,浦东,惠南,人民东路2635弄22号,暂无,0套在售二手房,https://sh.lianjia.com/xiaoqu/5013332524576188/,暂无信息 ,未知,暂无信息,暂无信息,暂无信息,1,1户
20191030,浦东,惠南,南园路165弄97号,暂无,0套在售二手房,https://sh.lianjia.com/xiaoqu/5014216716364867/,暂无信息 ,未知,暂无信息,暂无信息,暂无信息,1,1户
20191030,浦东,惠南,城东路759弄47号,暂无,0套在售二手房,https://sh.lianjia.com/xiaoqu/5012970660738032/,暂无信息 ,未知,暂无信息,暂无信息,暂无信息,1,1户
20191030,浦东,惠南,新村路1700号,暂无,0套在售二手房,https://sh.lianjia.com/xiaoqu/5012970736496897/,暂无信息 ,未知,暂无信息,暂无信息,暂无信息,1,1户
20191030,浦东,惠南,西门路388号,暂无,0套在售二手房,https://sh.lianjia.com/xiaoqu/5012970508170187/,暂无信息 ,未知,暂无信息,暂无信息,暂无信息,1,1户
20191030,浦东,惠南,城基路193号,暂无,0套在售二手房,https://sh.lianjia.com/xiaoqu/5012970675941379/,暂无信息 ,未知,暂无信息,暂无信息,暂无信息,1,1户
20191030,浦东,惠南,城西路129、131、133号,暂无,0套在售二手房,https://sh.lianjia.com/xiaoqu/5012970675941399/,暂无信息 ,未知,暂无信息,暂无信息,暂无信息,1,1户
20191030,浦东,惠南,人民东路2523弄32号,暂无,0套在售二手房,https://sh.lianjia.com/xiaoqu/5012970660737628/,暂无信息 ,未知,暂无信息,暂无信息,暂无信息,1,1户
20191030,浦东,惠南,供佳花苑,暂无,0套在售二手房,https://sh.lianjia.com/xiaoqu/5016295369388158/,暂无信息 ,板楼,暂无信息,暂无信息,暂无信息,3,31户
20191030,浦东,惠南,城南路610号,暂无,0套在售二手房,https://sh.lianjia.com/xiaoqu/5012970675941392/,暂无信息 ,未知,暂无信息,暂无信息,暂无信息,1,1户
20191030,浦东,惠南,城西路251号,暂无,0套在售二手房,https://sh.lianjia.com/xiaoqu/5012970675941401/,暂无信息 ,未知,暂无信息,暂无信息,暂无信息,1,1户
20191030,浦东,惠南,城南路677号,暂无,0套在售二手房,https://sh.lianjia.com/xiaoqu/5016389501103160/,1990年建成 ,板楼,暂无信息,暂无信息,暂无信息,1,12户
20191030,浦东,惠南,卫星西路16弄,暂无,0套在售二手房,https://sh.lianjia.com/xiaoqu/5016389545930190/,2003年建成 ,板楼,暂无信息,暂无信息,暂无信息,2,12户
20191030,浦东,惠南,城东路218号,暂无,0套在售二手房,https://sh.lianjia.com/xiaoqu/5012970660738029/,暂无信息 ,未知,暂无信息,暂无信息,暂无信息,1,1户
20191030,浦东,惠南,城南路610号,暂无,0套在售二手房,https://sh.lianjia.com/xiaoqu/5012970675941392/,暂无信息 ,未知,暂无信息,暂无信息,暂无信息,1,1户
20191030,浦东,惠南,城西路251号,暂无,0套在售二手房,https://sh.lianjia.com/xiaoqu/5012970675941401/,暂无信息 ,未知,暂无信息,暂无信息,暂无信息,1,1户
20191030,浦东,惠南,南门路10号,暂无,0套在售二手房,https://sh.lianjia.com/xiaoqu/5012970675941993/,暂无信息 ,未知,暂无信息,暂无信息,暂无信息,1,1户
20191030,浦东,惠南,新村路2082号,暂无,0套在售二手房,https://sh.lianjia.com/xiaoqu/5012970736496900/,暂无信息 ,未知,暂无信息,暂无信息,暂无信息,1,1户
20191030,浦东,惠南,新村路2030弄103号,暂无,0套在售二手房,https://sh.lianjia.com/xiaoqu/5012970736496899/,暂无信息 ,未知,暂无信息,暂无信息,暂无信息,1,1户
20191030,浦东,惠南,新村路1258号,暂无,0套在售二手房,https://sh.lianjia.com/xiaoqu/5012970736496882/,暂无信息 ,未知,暂无信息,暂无信息,暂无信息,1,1户
20191030,浦东,惠南,通济路150号,暂无,0套在售二手房,https://sh.lianjia.com/xiaoqu/5012970736497259/,暂无信息 ,未知,暂无信息,暂无信息,暂无信息,1,1户
20191030,浦东,惠南,宣黄路2626、2632号,暂无,0套在售二手房,https://sh.lianjia.com/xiaoqu/5012970630066661/,暂无信息 ,未知,暂无信息,暂无信息,暂无信息,1,1户
20191030,浦东,惠南,东门大街384号,暂无,0套在售二手房,https://sh.lianjia.com/xiaoqu/5012970599657674/,暂无信息 ,未知,暂无信息,暂无信息,暂无信息,1,1户
20191030,浦东,惠南,人民东路2523弄32号,暂无,0套在售二手房,https://sh.lianjia.com/xiaoqu/5012970660737628/,暂无信息 ,未知,暂无信息,暂无信息,暂无信息,1,1户
20191030,浦东,惠南,供佳花苑,暂无,0套在售二手房,https://sh.lianjia.com/xiaoqu/5016295369388158/,暂无信息 ,板楼,暂无信息,暂无信息,暂无信息,3,31户
20191030,浦东,惠南,拱极路2776号,暂无,0套在售二手房,https://sh.lianjia.com/xiaoqu/5012970691145887/,暂无信息 ,未知,暂无信息,暂无信息,暂无信息,1,1户
20191030,浦东,惠南,城基路179号,暂无,0套在售二手房,https://sh.lianjia.com/xiaoqu/5016389501103992/,1995年建成 ,板楼,暂无信息,暂无信息,暂无信息,1,12户
20191030,浦东,惠南,沪南公路168号,暂无,0套在售二手房,https://sh.lianjia.com/xiaoqu/5012970706350275/,暂无信息 ,未知,暂无信息,暂无信息,暂无信息,1,1户
20191030,浦东,惠南,南门大街1号,暂无,0套在售二手房,https://sh.lianjia.com/xiaoqu/5016389506370454/,1983年建成 ,未知,暂无信息,暂无信息,暂无信息,1,1户
20191030,浦东,惠南,城南路278号,暂无,0套在售二手房,https://sh.lianjia.com/xiaoqu/5012970675941385/,暂无信息 ,未知,暂无信息,暂无信息,暂无信息,1,1户
20191030,浦东,惠南,城南路333号,暂无,0套在售二手房,https://sh.lianjia.com/xiaoqu/5012970675941388/,暂无信息 ,未知,暂无信息,暂无信息,暂无信息,1,1户
20191030,浦东,惠南,城南路168号,暂无,0套在售二手房,https://sh.lianjia.com/xiaoqu/5012970675941382/,暂无信息 ,未知,暂无信息,暂无信息,暂无信息,1,2户
20191030,浦东,惠南,川南奉公路6688号,暂无,0套在售二手房,https://sh.lianjia.com/xiaoqu/5012970675941507/,暂无信息 ,未知,暂无信息,暂无信息,暂无信息,1,1户
20191030,浦东,惠南,振兴大楼(黄路镇),暂无,0套在售二手房,https://sh.lianjia.com/xiaoqu/5016635417605037/,1982年建成 ,板楼,0.8元/平米/月,暂无信息,暂无信息,2,30户
20191030,浦东,惠南,靖海路191弄48号,暂无,0套在售二手房,https://sh.lianjia.com/xiaoqu/5012970766905371/,暂无信息 ,未知,暂无信息,暂无信息,暂无信息,1,1户
20191030,浦东,惠南,城南路677号,暂无,0套在售二手房,https://sh.lianjia.com/xiaoqu/5016389501103160/,1990年建成 ,板楼,暂无信息,暂无信息,暂无信息,1,12户
20191030,浦东,惠南,彩虹苑,暂无,0套在售二手房,https://sh.lianjia.com/xiaoqu/5011000005127/,2003年建成 ,板楼,暂无信息,暂无信息,暂无信息,5,39户
20191030,浦东,惠南,靖海苑(别墅),暂无,0套在售二手房,https://sh.lianjia.com/xiaoqu/5011000005394/,2005年建成 ,板楼,1.1元/平米/月,上海南汇惠房物业管理有限,暂无信息,12,12户
20191030,浦东,惠南,黄汇新村,暂无,0套在售二手房,https://sh.lianjia.com/xiaoqu/5011102206716/,1994年建成 ,板楼,暂无信息,暂无信息,暂无信息,3,29户
20191030,浦东,惠南,南园路330弄,暂无,0套在售二手房,https://sh.lianjia.com/xiaoqu/5011000008739/,暂无信息 ,板楼,暂无信息,暂无信息,暂无信息,29,29户
20191030,浦东,惠南,广衍路51弄,暂无,0套在售二手房,https://sh.lianjia.com/xiaoqu/509821540319457/,1980年建成 ,板楼,暂无信息,暂无信息,暂无信息,8,8户
20191030,浦东,惠南,民乐城锦园,暂无,0套在售二手房,https://sh.lianjia.com/xiaoqu/5020035833718115/,2016年建成 ,板楼,1.1元/平米/月,上海彩虹房屋物业管理有限,彩虹房地产,19,515户
20191030,浦东,惠南,碧桂园天悦,暂无,0套在售二手房,https://sh.lianjia.com/xiaoqu/5020040402622524/,暂无信息 ,板楼,暂无信息,广东碧桂园物业服务股份有限公司上海浦东分,上海晟世房地产开发有限公司,6,6户
20191030,浦东,惠南,农机大楼,暂无,0套在售二手房,https://sh.lianjia.com/xiaoqu/5011102209174/,1986年建成 ,板楼,0.44元/平米/月,暂无信息,暂无信息,3,40户
20191030,浦东,惠南,民乐城馨园,暂无,0套在售二手房,https://sh.lianjia.com/xiaoqu/5016389398891419/,暂无信息 ,板楼,暂无信息,暂无信息,暂无信息,22,672户
20191030,浦东,惠南,听潮南路128号,暂无,0套在售二手房,https://sh.lianjia.com/xiaoqu/5012970736497206/,暂无信息 ,未知,暂无信息,暂无信息,暂无信息,1,1户
20191030,浦东,惠南,新村路1250号,暂无,0套在售二手房,https://sh.lianjia.com/xiaoqu/5012970736496881/,暂无信息 ,未知,暂无信息,暂无信息,暂无信息,1,2户
20191030,浦东,惠南,靖海路185弄,暂无,0套在售二手房,https://sh.lianjia.com/xiaoqu/5016389501103746/,2011年建成 ,板楼,暂无信息,暂无信息,暂无信息,4,40户
20191030,浦东,惠南,大同路487号,暂无,0套在售二手房,https://sh.lianjia.com/xiaoqu/5016389495337924/,1983年建成 ,板楼,暂无信息,暂无信息,暂无信息,1,15户
20191030,浦东,惠南,新街路2号,暂无,0套在售二手房,https://sh.lianjia.com/xiaoqu/5016389506370521/,1980年建成 ,板楼,暂无信息,暂无信息,暂无信息,1,12户
20191030,浦东,惠南,东门大街410号,暂无,0套在售二手房,https://sh.lianjia.com/xiaoqu/5016389398891484/,1989年建成 ,未知,暂无信息,暂无信息,暂无信息,1,4户
20191030,浦东,惠南,东门大街420弄,暂无,0套在售二手房,https://sh.lianjia.com/xiaoqu/5016389501103424/,1999年建成 ,未知,暂无信息,暂无信息,暂无信息,2,5户
20191030,浦东,惠南,民乐城丽冬苑,暂无,0套在售二手房,https://sh.lianjia.com/xiaoqu/5020031869703731/,暂无信息 ,未知,暂无信息,暂无信息,暂无信息,2,73户
20191030,浦东,惠南,迎薰路1163号,暂无,0套在售二手房,https://sh.lianjia.com/xiaoqu/5020025288085761/,暂无信息 ,未知,暂无信息,暂无信息,暂无信息,1,1户
20191030,浦东,惠南,文化路113号,暂无,0套在售二手房,https://sh.lianjia.com/xiaoqu/5016389506369911/,暂无信息 ,板楼,暂无信息,暂无信息,暂无信息,1,18户
20191030,浦东,惠南,南祝路3941号,暂无,0套在售二手房,https://sh.lianjia.com/xiaoqu/5020023222486805/,暂无信息 ,未知,暂无信息,暂无信息,暂无信息,1,1户
20191030,浦东,惠南,拱极路4758号,暂无,0套在售二手房,https://sh.lianjia.com/xiaoqu/5012970691145891/,暂无信息 ,未知,暂无信息,暂无信息,暂无信息,1,1户
20191030,浦东,惠南,通济路78号,暂无,0套在售二手房,https://sh.lianjia.com/xiaoqu/5012970736497260/,暂无信息 ,未知,暂无信息,暂无信息,暂无信息,1,1户
20191030,浦东,惠南,亦园路142弄,暂无,0套在售二手房,https://sh.lianjia.com/xiaoqu/5016389506369615/,2002年建成 ,板楼,暂无信息,暂无信息,暂无信息,4,27户
20191030,浦东,惠南,振欣路126号,暂无,0套在售二手房,https://sh.lianjia.com/xiaoqu/5016389506369956/,1984年建成 ,未知,暂无信息,暂无信息,暂无信息,1,4户
20191030,浦东,惠南,人民东路2635弄22号,暂无,0套在售二手房,https://sh.lianjia.com/xiaoqu/5013332524576188/,暂无信息 ,未知,暂无信息,暂无信息,暂无信息,1,1户
20191030,浦东,惠南,南园路165弄97号,暂无,0套在售二手房,https://sh.lianjia.com/xiaoqu/5014216716364867/,暂无信息 ,未知,暂无信息,暂无信息,暂无信息,1,1户
20191030,浦东,惠南,汇华路1弄,暂无,0套在售二手房,https://sh.lianjia.com/xiaoqu/5016389495337411/,2002年建成 ,板楼,暂无信息,暂无信息,暂无信息,5,27户
20191030,浦东,惠南,拱极路3045号,暂无,0套在售二手房,https://sh.lianjia.com/xiaoqu/5012970691145889/,暂无信息 ,未知,暂无信息,暂无信息,暂无信息,1,1户
20191030,浦东,惠南,拱极路2574号,暂无,0套在售二手房,https://sh.lianjia.com/xiaoqu/5012970691145880/,暂无信息 ,未知,暂无信息,暂无信息,暂无信息,1,1户
20191030,浦东,惠南,西门路388号,暂无,0套在售二手房,https://sh.lianjia.com/xiaoqu/5012970508170187/,暂无信息 ,未知,暂无信息,暂无信息,暂无信息,1,1户
20191030,浦东,惠南,盐大路2469号,暂无,0套在售二手房,https://sh.lianjia.com/xiaoqu/5012970523374505/,暂无信息 ,未知,暂无信息,暂无信息,暂无信息,1,1户
20191030,浦东,惠南,城东路759弄47号,暂无,0套在售二手房,https://sh.lianjia.com/xiaoqu/5012970660738032/,暂无信息 ,未知,暂无信息,暂无信息,暂无信息,1,1户
20191030,浦东,惠南,东门大街78号,暂无,0套在售二手房,https://sh.lianjia.com/xiaoqu/5012970599657677/,暂无信息 ,未知,暂无信息,暂无信息,暂无信息,1,1户
20191030,浦东,惠南,下盐路6666号,暂无,0套在售二手房,https://sh.lianjia.com/xiaoqu/5012970523373593/,暂无信息 ,未知,暂无信息,暂无信息,暂无信息,1,1户
20191030,浦东,惠南,拱极路2273号,暂无,0套在售二手房,https://sh.lianjia.com/xiaoqu/5012970691145875/,暂无信息 ,未知,暂无信息,暂无信息,暂无信息,1,1户
20191030,浦东,惠南,黄富新村,暂无,0套在售二手房,https://sh.lianjia.com/xiaoqu/5010450434536331/,暂无信息 ,板楼,暂无信息,暂无信息,暂无信息,6,60户
20191030,浦东,惠南,靖海路313号,暂无,0套在售二手房,https://sh.lianjia.com/xiaoqu/5020028254775134/,暂无信息 ,未知,暂无信息,暂无信息,暂无信息,1,1户
20191030,浦东,惠南,汇南村,暂无,0套在售二手房,https://sh.lianjia.com/xiaoqu/5011102206883/,暂无信息 ,板楼,暂无信息,暂无信息,暂无信息,5,5户
20191030,浦东,惠南,水上新村(浦东),暂无,0套在售二手房,https://sh.lianjia.com/xiaoqu/5011102206783/,1984年建成 ,板楼,0.3元/平米/月,上海南汇惠房物业管理有限,上海宝地房地产开发有限公司,10,156户
20191030,浦东,惠南,西门大街37号,暂无,0套在售二手房,https://sh.lianjia.com/xiaoqu/5020026184120967/,暂无信息 ,未知,暂无信息,暂无信息,暂无信息,1,1户
20191030,浦东,惠南,城东路759弄42号,暂无,0套在售二手房,https://sh.lianjia.com/xiaoqu/5020023820456443/,暂无信息 ,未知,暂无信息,暂无信息,暂无信息,1,1户
20191030,浦东,惠南,拱极路2373号,暂无,0套在售二手房,https://sh.lianjia.com/xiaoqu/5017634515759747/,暂无信息 ,未知,暂无信息,暂无信息,暂无信息,1,1户
20191030,浦东,惠南,英雄新村,暂无,0套在售二手房,https://sh.lianjia.com/xiaoqu/5011000014711/,1992年建成 ,板楼,1.2元/平米/月,暂无信息,暂无信息,31,114户
20191030,浦东,惠南,文益街7号,暂无,0套在售二手房,https://sh.lianjia.com/xiaoqu/5010821833337999/,暂无信息 ,板楼,暂无信息,暂无信息,暂无信息,1,630户
20191030,浦东,惠南,工农南路59弄,暂无,0套在售二手房,https://sh.lianjia.com/xiaoqu/5016389398891442/,2004年建成 ,板楼,暂无信息,暂无信息,暂无信息,3,18户
20191030,浦东,惠南,南亚苑,暂无,0套在售二手房,https://sh.lianjia.com/xiaoqu/509821540057455/,暂无信息 ,未知,20元/平米/月,暂无信息,暂无信息,1,6户
20191030,浦东,惠南,北门路41弄10号,暂无,0套在售二手房,https://sh.lianjia.com/xiaoqu/5020024534938443/,暂无信息 ,未知,暂无信息,暂无信息,暂无信息,1,2户
20191030,浦东,惠南,人民东路2785弄,26392元/m2,0套在售二手房,https://sh.lianjia.com/xiaoqu/509977363956118/,2000年建成 ,板楼,2元/平米/月,自主,暂无信息,5,44户
20191030,浦东,惠南,人民东路2523弄102号,暂无,0套在售二手房,https://sh.lianjia.com/xiaoqu/5020022064525459/,2005年建成 ,平房,1.7元/平米/月,暂无信息,暂无信息,1,1户
20191030,浦东,惠南,海燕大厦(商铺),暂无,0套在售二手房,https://sh.lianjia.com/xiaoqu/5020023310628399/,暂无信息 ,未知,暂无信息,暂无信息,暂无信息,1,2户
20191030,浦东,惠南,文良街58号,暂无,0套在售二手房,https://sh.lianjia.com/xiaoqu/5012970614862389/,暂无信息 ,未知,暂无信息,暂无信息,暂无信息,1,1户
20191030,浦东,惠南,西乐路273弄,暂无,0套在售二手房,https://sh.lianjia.com/xiaoqu/5012541850037951/,暂无信息 ,板楼,暂无信息,暂无信息,暂无信息,3,26户
20191030,浦东,惠南,通济路61弄,暂无,0套在售二手房,https://sh.lianjia.com/xiaoqu/5015162656983269/,暂无信息 ,未知,暂无信息,暂无信息,暂无信息,1,1户
20191030,浦东,惠南,人民东路2635弄70号,暂无,0套在售二手房,https://sh.lianjia.com/xiaoqu/5020020579395863/,暂无信息 ,未知,暂无信息,暂无信息,暂无信息,1,1户
20191030,浦东,惠南,民乐城秀园(西苑),暂无,0套在售二手房,https://sh.lianjia.com/xiaoqu/5020024630382468/,暂无信息 ,塔楼/板楼,暂无信息,上海中建东孚物业管理有限,暂无信息,12,793户
20191030,浦东,惠南,农场路16号,暂无,0套在售二手房,https://sh.lianjia.com/xiaoqu/5011102206576/,1985年建成 ,板楼,暂无信息,暂无信息,暂无信息,11,28户
20191030,浦东,惠南,民乐城汇雅苑,暂无,0套在售二手房,https://sh.lianjia.com/xiaoqu/5020023723952605/,暂无信息 ,未知,暂无信息,暂无信息,暂无信息,9,648户
20191030,浦东,惠南,东园新村,暂无,0套在售二手房,https://sh.lianjia.com/xiaoqu/5010796792557054/,暂无信息 ,板楼,暂无信息,暂无信息,暂无信息,2,18户
20191030,浦东,惠南,盐大路2685弄23号,暂无,0套在售二手房,https://sh.lianjia.com/xiaoqu/5020025014321272/,暂无信息 ,未知,暂无信息,暂无信息,暂无信息,1,1户
20191030,浦东,惠南,莎海国际酒店,暂无,0套在售二手房,https://sh.lianjia.com/xiaoqu/5011102206668/,暂无信息 ,未知,暂无信息,暂无信息,暂无信息,1,17户
20191030,浦东,惠南,宣黄公路2654号,暂无,0套在售二手房,https://sh.lianjia.com/xiaoqu/5016861695347418/,暂无信息 ,未知,暂无信息,暂无信息,暂无信息,1,1户
20191030,浦东,惠南,成功家园(别墅),暂无,0套在售二手房,https://sh.lianjia.com/xiaoqu/5011000013206/,2006年建成 ,板楼,暂无信息,暂无信息,欧洲诚功集团,35,36户
20191030,浦东,惠南,人民东路2523弄51号,暂无,0套在售二手房,https://sh.lianjia.com/xiaoqu/5020026510230718/,暂无信息 ,未知,暂无信息,暂无信息,暂无信息,1,1户
20191030,浦东,惠南,中锦鑫座,暂无,0套在售二手房,https://sh.lianjia.com/xiaoqu/5016050188726288/,2011年建成 ,未知,暂无信息,上海诚成物业管理有限,上海元茂置业有限公司,4,466户
20191030,浦东,惠南,物资大楼(浦东),16880元/m2,0套在售二手房,https://sh.lianjia.com/xiaoqu/5014484535545754/,1994年建成 ,板楼,暂无信息,暂无信息,暂无信息,3,48户
20191030,浦东,惠南,城南路43号,暂无,0套在售二手房,https://sh.lianjia.com/xiaoqu/509977363955840/,1983年建成 ,板楼,暂无信息,暂无信息,暂无信息,1,20户
20191030,浦东,惠南,迎薰路1203号,暂无,0套在售二手房,https://sh.lianjia.com/xiaoqu/5017722332163768/,暂无信息 ,未知,暂无信息,暂无信息,暂无信息,1,1户
20191030,浦东,惠南,迎薰路1205号,暂无,0套在售二手房,https://sh.lianjia.com/xiaoqu/5017722474508782/,暂无信息 ,未知,暂无信息,暂无信息,暂无信息,1,1户
20191030,浦东,惠南,拱北路2329号,暂无,0套在售二手房,https://sh.lianjia.com/xiaoqu/5020027695671928/,暂无信息 ,未知,暂无信息,暂无信息,暂无信息,1,1户
20191030,浦东,惠南,拱极路3914号,暂无,0套在售二手房,https://sh.lianjia.com/xiaoqu/5020027651631703/,暂无信息 ,未知,暂无信息,暂无信息,暂无信息,1,1户
20191030,浦东,惠南,盐大路2685弄24号,暂无,0套在售二手房,https://sh.lianjia.com/xiaoqu/5020024249578124/,暂无信息 ,未知,暂无信息,暂无信息,暂无信息,1,1户
20191030,浦东,惠南,盛世荟庭,暂无,0套在售二手房,https://sh.lianjia.com/xiaoqu/5020022436800652/,2016年建成 ,板楼,2.98元/平米/月,浦房物业服务中心有限,上海东鉴房地产开发有限公司,11,316户
20191030,浦东,惠南,三八南路彩虹楼,24933元/m2,0套在售二手房,https://sh.lianjia.com/xiaoqu/509821540319508/,1997年建成 ,板楼,0.3元/平米/月,上海彩虹房屋物业管理有限,彩虹房地产,3,47户
20191030,浦东,惠南,解放路54号,暂无,0套在售二手房,https://sh.lianjia.com/xiaoqu/5012970554044597/,暂无信息 ,未知,暂无信息,暂无信息,暂无信息,1,1户
20191030,浦东,惠南,盐大路2497号,暂无,0套在售二手房,https://sh.lianjia.com/xiaoqu/5012970523374506/,暂无信息 ,未知,暂无信息,暂无信息,暂无信息,1,1户
20191030,浦东,惠南,南门大街18号,暂无,0套在售二手房,https://sh.lianjia.com/xiaoqu/5012970675941990/,暂无信息 ,未知,暂无信息,暂无信息,暂无信息,1,1户
20191030,浦东,惠南,大川公路2661号,暂无,0套在售二手房,https://sh.lianjia.com/xiaoqu/5020034018175563/,暂无信息 ,未知,暂无信息,暂无信息,暂无信息,1,1户
20191030,浦东,惠南,卫星东路11弄,22642元/m2,0套在售二手房,https://sh.lianjia.com/xiaoqu/5016389506369875/,1999年建成 ,板楼,暂无信息,暂无信息,暂无信息,3,21户
20191030,浦东,惠南,丽水雅苑北苑,暂无,0套在售二手房,https://sh.lianjia.com/xiaoqu/5020023944324334/,暂无信息 ,未知,暂无信息,暂无信息,暂无信息,24,1821户
20191030,浦东,惠南,海曲雅苑,暂无,0套在售二手房,https://sh.lianjia.com/xiaoqu/5020027555077740/,2017年建成 ,未知,暂无信息,暂无信息,暂无信息,31,1649户
20191030,浦东,惠南,金力时代广场,暂无,0套在售二手房,https://sh.lianjia.com/xiaoqu/5016389506369607/,暂无信息 ,板楼,暂无信息,暂无信息,上海金力房地产开发有限公司,7,186户
20191030,浦东,惠南,丽水雅苑,暂无,0套在售二手房,https://sh.lianjia.com/xiaoqu/5016339646033622/,暂无信息 ,塔楼/板楼,暂无信息,暂无信息,暂无信息,9,828户
20191030,浦东,惠南,民乐城康苑,暂无,0套在售二手房,https://sh.lianjia.com/xiaoqu/5020035819038988/,2014年建成 ,板楼,1.1至1.16元/平米/月,中建,中建八局,22,590户
20191030,浦东,惠南,梅花路177弄1号,暂无,0套在售二手房,https://sh.lianjia.com/xiaoqu/5020039449248712/,1980年建成 ,未知,暂无信息,暂无信息,暂无信息,1,1户
20191030,浦东,惠南,城东路759弄39号,暂无,0套在售二手房,https://sh.lianjia.com/xiaoqu/5016188684644933/,暂无信息 ,未知,暂无信息,暂无信息,暂无信息,1,1户
20191030,浦东,惠南,东门路48号,21225元/m2,1套在售二手房,https://sh.lianjia.com/xiaoqu/5011102207988/,1997年建成 ,板楼,暂无信息,上海南汇惠房物业管理有限,暂无信息,4,44户
20191030,浦东,惠南,北门新村,26316元/m2,1套在售二手房,https://sh.lianjia.com/xiaoqu/5011000002927/,1975年建成 ,板楼,0.44元/平米/月,上海南汇惠房物业管理有限,暂无信息,19,241户
20191030,浦东,惠南,佳华楼,24988元/m2,1套在售二手房,https://sh.lianjia.com/xiaoqu/5011102206807/,2002年建成 ,板楼,0.25元/平米/月,五峰,世昌开发有限公司,7,70户
20191030,浦东,惠南,红东新村,28120元/m2,1套在售二手房,https://sh.lianjia.com/xiaoqu/5016635435715242/,1979年建成 ,板楼,暂无信息,暂无信息,暂无信息,2,24户
20191030,浦东,惠南,南城苑,27501元/m2,1套在售二手房,https://sh.lianjia.com/xiaoqu/5010503952805652/,2004年建成 ,板楼,0.6元/平米/月,暂无信息,暂无信息,9,45户
20191030,浦东,惠南,卫星东路20号,27119元/m2,1套在售二手房,https://sh.lianjia.com/xiaoqu/509821540319517/,1993年建成 ,板楼,暂无信息,暂无信息,暂无信息,1,18户
20191030,浦东,惠南,汇昆大楼,25417元/m2,1套在售二手房,https://sh.lianjia.com/xiaoqu/5020035224175313/,暂无信息 ,未知,暂无信息,暂无信息,暂无信息,3,25户
20191030,浦东,惠南,城南东路154弄,17765元/m2,0套在售二手房,https://sh.lianjia.com/xiaoqu/5013758144721675/,1997年建成 ,板楼,暂无信息,暂无信息,暂无信息,5,32户
20191030,浦东,惠南,华钜御庭(别墅),29491元/m2,1套在售二手房,https://sh.lianjia.com/xiaoqu/5011000010985/,暂无信息 ,板楼,1.4元/平米/月,上海普陀,上海颐和置业有限公司,64,64户
20191030,浦东,惠南,向阳路5号,23300元/m2,1套在售二手房,https://sh.lianjia.com/xiaoqu/5011102205820/,1980年建成 ,板楼,暂无信息,暂无信息,暂无信息,2,14户
20191030,浦东,惠南,汇昆大楼,25417元/m2,1套在售二手房,https://sh.lianjia.com/xiaoqu/5020035224175313/,暂无信息 ,未知,暂无信息,暂无信息,暂无信息,3,25户
20191030,浦东,惠南,城基路148弄,24493元/m2,0套在售二手房,https://sh.lianjia.com/xiaoqu/5011000019967/,2004年建成 ,板楼,0.8元/平米/月,惠康,暂无信息,6,60户
20191030,浦东,惠南,南城苑,27501元/m2,1套在售二手房,https://sh.lianjia.com/xiaoqu/5010503952805652/,2004年建成 ,板楼,0.6元/平米/月,暂无信息,暂无信息,9,45户
20191030,浦东,惠南,红东新村,28120元/m2,1套在售二手房,https://sh.lianjia.com/xiaoqu/5016635435715242/,1979年建成 ,板楼,暂无信息,暂无信息,暂无信息,2,24户
20191030,浦东,惠南,三八路110弄,28070元/m2,1套在售二手房,https://sh.lianjia.com/xiaoqu/5016389506370002/,2003年建成 ,板楼,0.5元/平米/月,上海南汇惠房物业管理有限,暂无信息,5,33户
20191030,浦东,惠南,西潭新村,24688元/m2,1套在售二手房,https://sh.lianjia.com/xiaoqu/5011000019035/,1977年建成 ,板楼,0.5元/平米/月,上海南汇惠房物业管理有限,暂无信息,10,146户
20191030,浦东,惠南,广衍路63弄,暂无,0套在售二手房,https://sh.lianjia.com/xiaoqu/5016294016485646/,暂无信息 ,未知,暂无信息,暂无信息,暂无信息,2,2户
20191030,浦东,惠南,富成小区,22989元/m2,3套在售二手房,https://sh.lianjia.com/xiaoqu/5011000018692/,1998年建成 ,板楼,2元/平米/月,周房,上海上房置业中心有限公司,10,122户
20191030,浦东,惠南,良丰新村,22337元/m2,3套在售二手房,https://sh.lianjia.com/xiaoqu/5011000019965/,1999年建成 ,板楼,0.3元/平米/月,庆国,国庆开发有限公司,8,69户
20191030,浦东,惠南,城东大楼,24054元/m2,1套在售二手房,https://sh.lianjia.com/xiaoqu/5016389495337095/,1990年建成 ,板楼,暂无信息,上海南汇惠房物业管理有限,暂无信息,1,15户
20191030,浦东,惠南,彩虹新村,25534元/m2,6套在售二手房,https://sh.lianjia.com/xiaoqu/5011000019555/,1997年建成 ,板楼,0.36元/平米/月,上海彩虹房屋物业管理有限,彩虹房地产,19,222户
20191030,浦东,惠南,华盛小区,暂无,0套在售二手房,https://sh.lianjia.com/xiaoqu/5016389545929992/,1997年建成 ,板楼,暂无信息,暂无信息,暂无信息,5,90户
20191030,浦东,惠南,东门路500弄,24213元/m2,2套在售二手房,https://sh.lianjia.com/xiaoqu/5015754170739871/,2002年建成 ,板楼,暂无信息,暂无信息,暂无信息,7,50户
20191030,浦东,惠南,彩虹园,28644元/m2,3套在售二手房,https://sh.lianjia.com/xiaoqu/5011000000027/,2002年建成 ,板楼,1.03元/平米/月,上海彩虹房屋物业管理有限,彩虹房地产,25,326户
20191030,浦东,惠南,中园大楼,21688元/m2,0套在售二手房,https://sh.lianjia.com/xiaoqu/5020021232717716/,1990年建成 ,板楼,0.48元/平米/月,上海南汇惠房物业管理有限,暂无信息,1,60户
20191030,浦东,惠南,沿河泾南路23弄,21040元/m2,0套在售二手房,https://sh.lianjia.com/xiaoqu/509821540319448/,1995年建成 ,板楼,0.3元/平米/月,暂无信息,暂无信息,3,40户
20191030,浦东,惠南,振兴新村,27325元/m2,2套在售二手房,https://sh.lianjia.com/xiaoqu/5011000019549/,1985年建成 ,板楼,0.3元/平米/月,自主,上海振兴房地产开发有限公司,7,74户
20191030,浦东,惠南,百乐公寓(惠南),25310元/m2,1套在售二手房,https://sh.lianjia.com/xiaoqu/5011102206822/,2002年建成 ,板楼,0.7元/平米/月,上海联讯物业管理有限,上海培力房地产开发公司,15,244户
20191030,浦东,惠南,华钜御庭(三期)(别墅),48214元/m2,1套在售二手房,https://sh.lianjia.com/xiaoqu/5011102206890/,2014年建成 ,板楼,1.6元/平米/月,普陀,上海颐和置业有限公司,68,68户
20191030,浦东,惠南,金罗湾,21677元/m2,0套在售二手房,https://sh.lianjia.com/xiaoqu/5013693144280614/,2003年建成 ,板楼,暂无信息,暂无信息,暂无信息,4,16户
20191030,浦东,惠南,永乐小区,20979元/m2,1套在售二手房,https://sh.lianjia.com/xiaoqu/5011000017361/,2005年建成 ,板楼,暂无信息,上海南汇惠房物业管理有限,暂无信息,2,88户
20191030,浦东,惠南,西门大街211弄,19793元/m2,2套在售二手房,https://sh.lianjia.com/xiaoqu/5011102206749/,1997年建成 ,板楼,暂无信息,暂无信息,暂无信息,3,32户
20191030,浦东,惠南,康达公寓,17933元/m2,2套在售二手房,https://sh.lianjia.com/xiaoqu/5011000002284/,2006年建成 ,板楼,0.72元/平米/月,上海南汇惠房物业管理有限,上海兴吉房地产开发有限公司,23,361户
20191030,浦东,惠南,联谊新寓,25460元/m2,4套在售二手房,https://sh.lianjia.com/xiaoqu/5011000019979/,2002年建成 ,板楼,0.8元/平米/月,庆国,上海万国企业发展有限公司,17,160户
20191030,浦东,惠南,惠城大厦,26110元/m2,1套在售二手房,https://sh.lianjia.com/xiaoqu/5011000012139/,1994年建成 ,板楼,0.8元/平米/月,暂无信息,暂无信息,1,13户
20191030,浦东,惠南,东城时代华庭(别墅),40454元/m2,1套在售二手房,https://sh.lianjia.com/xiaoqu/5011000018700/,2004年建成 ,板楼,2元/平米/月,威格斯,宏士达房地产开发有限公司,104,104户
20191030,浦东,惠南,梅花路138弄,暂无,1套在售二手房,https://sh.lianjia.com/xiaoqu/509977363955804/,1999年建成 ,板楼,0.5元/平米/月,自主,暂无信息,5,40户
20191030,浦东,惠南,东城时代华庭(别墅),40454元/m2,1套在售二手房,https://sh.lianjia.com/xiaoqu/5011000018700/,2004年建成 ,板楼,2元/平米/月,威格斯,宏士达房地产开发有限公司,104,104户
20191030,浦东,惠南,上河商务园,暂无,0套在售二手房,https://sh.lianjia.com/xiaoqu/5011000017648/,2002年建成 ,板楼,暂无信息,暂无信息,暂无信息,58,77户
20191030,浦东,惠南,金汇广场,31240元/m2,0套在售二手房,https://sh.lianjia.com/xiaoqu/5011000015295/,2004年建成 ,板楼,0.6元/平米/月,上海景珠物业管理经营有限,暂无信息,19,414户
20191030,浦东,惠南,建德南郊别墅,60853元/m2,5套在售二手房,https://sh.lianjia.com/xiaoqu/5011000015113/,2003年建成 ,板楼,4.5元/平米/月,戴德粱行物业管理顾问,上海杉野置业有限公司,111,111户
20191030,浦东,惠南,艺泰一品花园,34584元/m2,11套在售二手房,https://sh.lianjia.com/xiaoqu/5011000001907/,2014年建成 ,板楼,3元/平米/月,浙江杭州开元,上海益流置业发展有限公司,45,542户
20191030,浦东,惠南,宣桥枫庭,暂无,0套在售二手房,https://sh.lianjia.com/xiaoqu/5020020850993082/,2017年建成 ,板楼,1.1元/平米/月,上海丽华,上海三林中房置业有限公司,54,3335户
20191030,浦东,惠南,十字街大楼,23779元/m2,5套在售二手房,https://sh.lianjia.com/xiaoqu/5011000019017/,1974年建成 ,板楼,0.9元/平米/月,暂无信息,暂无信息,16,259户
20191030,浦东,惠南,富成别墅,暂无,0套在售二手房,https://sh.lianjia.com/xiaoqu/5011000013704/,2000年建成 ,板楼,2元/平米/月,中房,上海万居房产开发有限公司,100,100户
20191030,浦东,惠南,汇通新村,24610元/m2,2套在售二手房,https://sh.lianjia.com/xiaoqu/5011000019334/,1994年建成 ,板楼,0.25元/平米/月,上海南汇惠房物业管理有限,上海宏基房产开发有限公司,15,151户
20191030,浦东,惠南,爱盛家园,27269元/m2,9套在售二手房,https://sh.lianjia.com/xiaoqu/5011000013026/,2003年建成 ,板楼,1.2元/平米/月,上海南汇惠房物业管理有限,上海爱盛置业发展有限公司,30,859户
20191030,浦东,惠南,乐源城C区,26395元/m2,2套在售二手房,https://sh.lianjia.com/xiaoqu/5011000018997/,2006年建成 ,板楼,0.6元/平米/月,上海南汇惠房物业管理有限,东土集团有限公司,23,228户
20191030,浦东,惠南,桃源艺筑,32581元/m2,11套在售二手房,https://sh.lianjia.com/xiaoqu/5011000012460/,1994年建成 ,板楼,1.51元/平米/月,上海鑫遥物业经营管理有限,上海林汇房地产有限公司,58,988户
20191030,浦东,惠南,福汇一村,21428元/m2,2套在售二手房,https://sh.lianjia.com/xiaoqu/5011000000321/,1994年建成 ,板楼,0.5至0.8元/平米/月,暂无信息,暂无信息,57,370户
20191030,浦东,惠南,听潮二村,23406元/m2,3套在售二手房,https://sh.lianjia.com/xiaoqu/5011000011748/,1988年建成 ,板楼,0.9元/平米/月,上海欣周物业管理有限,上海欣周开发有限公司,155,579户
20191030,浦东,惠南,惠北新村,28266元/m2,2套在售二手房,https://sh.lianjia.com/xiaoqu/5011000019404/,1982年建成 ,板楼,0.5元/平米/月,上海南汇惠房物业管理有限,暂无信息,15,193户
20191030,浦东,惠南,绿地峰汇,18499元/m2,7套在售二手房,https://sh.lianjia.com/xiaoqu/5011000012777/,2010年建成 ,塔楼/板楼,3.5元/平米/月,莘闵,上海共富经济发展有限公司,4,979户
20191030,浦东,惠南,福汇二村,19658元/m2,3套在售二手房,https://sh.lianjia.com/xiaoqu/5011063202365/,1997年建成 ,板楼,0.5至0.8元/平米/月,暂无信息,暂无信息,24,156户
20191030,浦东,惠南,绿缘新村,32169元/m2,2套在售二手房,https://sh.lianjia.com/xiaoqu/5011000018887/,1995年建成 ,板楼,0.1元/平米/月,无,暂无信息,8,98户
20191030,浦东,惠南,南门新村(惠南),28771元/m2,0套在售二手房,https://sh.lianjia.com/xiaoqu/5016430871621806/,1980年建成 ,板楼,0.8元/平米/月,上海南汇惠房物业管理有限,暂无信息,4,102户
20191030,浦东,惠南,惠东路300弄,19455元/m2,1套在售二手房,https://sh.lianjia.com/xiaoqu/5011000019964/,1996年建成 ,板楼,0.8元/平米/月,暂无信息,暂无信息,9,83户
20191030,浦东,惠南,供销三村,暂无,0套在售二手房,https://sh.lianjia.com/xiaoqu/509821540319422/,1982年建成 ,板楼,暂无信息,上海南汇惠房物业管理有限,暂无信息,6,40户
20191030,浦东,惠南,申达新村,24885元/m2,5套在售二手房,https://sh.lianjia.com/xiaoqu/5011000019980/,1995年建成 ,板楼,1.7元/平米/月,上海建政,上海物业,9,108户
20191030,浦东,惠南,水岸家园,24973元/m2,3套在售二手房,https://sh.lianjia.com/xiaoqu/5011000012898/,2004年建成 ,板楼,0.7元/平米/月,暂无资料,上海鸿宝实业有限公司,22,220户
20191030,浦东,惠南,华汇公寓,25904元/m2,2套在售二手房,https://sh.lianjia.com/xiaoqu/5011000009816/,2000年建成 ,板楼,1元/平米/月,周房,上海周房物业管理有限公司,19,276户
20191030,浦东,惠南,繁新苑,28468元/m2,1套在售二手房,https://sh.lianjia.com/xiaoqu/5011000004886/,2005年建成 ,板楼,0.3元/平米/月,暂无信息,上海南沙房地产有限公司,6,50户
20191030,浦东,惠南,人民东路2729弄,20534元/m2,1套在售二手房,https://sh.lianjia.com/xiaoqu/5012896588279380/,2000年建成 ,板楼,1.1元/平米/月,自主,暂无信息,5,40户
20191030,浦东,惠南,南田公寓,20349元/m2,4套在售二手房,https://sh.lianjia.com/xiaoqu/5011000019292/,1996年建成 ,板楼,0.3元/平米/月,上海鑫源,暂无信息,8,78户
20191030,浦东,惠南,英雄路51弄,18356元/m2,0套在售二手房,https://sh.lianjia.com/xiaoqu/509821540057700/,1995年建成 ,板楼,暂无信息,暂无信息,暂无信息,24,24户
20191030,浦东,惠南,欣欣苑,22662元/m2,1套在售二手房,https://sh.lianjia.com/xiaoqu/5011000004379/,2004年建成 ,板楼,0.55元/平米/月,上海宣桥物业管理有限,上海东日房地产有限公司,6,60户
20191030,浦东,惠南,甬申金地城,32547元/m2,4套在售二手房,https://sh.lianjia.com/xiaoqu/5011000003809/,2005年建成 ,板楼,1.2元/平米/月,上海隆庆物业管理有限,上海甬申置业有限公司,142,1229户
20191030,浦东,惠南,欣欣苑小区,27641元/m2,5套在售二手房,https://sh.lianjia.com/xiaoqu/509821540319519/,1994年建成 ,板楼,0.55元/平米/月,暂无信息,暂无信息,58,230户
20191030,浦东,惠南,乐源城,27419元/m2,5套在售二手房,https://sh.lianjia.com/xiaoqu/5011000019781/,2006年建成 ,板楼,0.5至1.5元/平米/月,自主,东土集团有限公司,26,240户
20191030,浦东,惠南,东城花苑二村一区,25017元/m2,4套在售二手房,https://sh.lianjia.com/xiaoqu/5011102206784/,1996年建成 ,板楼,0.6元/平米/月,上海彩虹房屋物业管理有限,暂无信息,15,162户
20191030,浦东,惠南,东方城市豪庭,30983元/m2,3套在售二手房,https://sh.lianjia.com/xiaoqu/509821540319355/,2015年建成 ,板楼,2.5元/平米/月,现代智能物业管理(上海)有限,上海南园房地产有限公司,30,1010户
20191030,浦东,惠南,人民东路2729弄,20534元/m2,1套在售二手房,https://sh.lianjia.com/xiaoqu/5012896588279380/,2000年建成 ,板楼,1.1元/平米/月,自主,暂无信息,5,40户
20191030,浦东,惠南,欣欣苑,22662元/m2,1套在售二手房,https://sh.lianjia.com/xiaoqu/5011000004379/,2004年建成 ,板楼,0.55元/平米/月,上海宣桥物业管理有限,上海东日房地产有限公司,6,60户
20191030,浦东,惠南,南田公寓,20349元/m2,4套在售二手房,https://sh.lianjia.com/xiaoqu/5011000019292/,1996年建成 ,板楼,0.3元/平米/月,上海鑫源,暂无信息,8,78户
20191030,浦东,惠南,彩虹雅苑,26193元/m2,10套在售二手房,https://sh.lianjia.com/xiaoqu/5011000009205/,2010年建成 ,塔楼/板楼,0.67至1.35元/平米/月,上海彩虹房屋物业管理有限,彩虹房地产,152,2064户
20191030,浦东,惠南,甬申金地城,32547元/m2,4套在售二手房,https://sh.lianjia.com/xiaoqu/5011000003809/,2005年建成 ,板楼,1.2元/平米/月,上海隆庆物业管理有限,上海甬申置业有限公司,142,1229户
20191030,浦东,惠南,英雄路51弄,18356元/m2,0套在售二手房,https://sh.lianjia.com/xiaoqu/509821540057700/,1995年建成 ,板楼,暂无信息,暂无信息,暂无信息,24,24户
20191030,浦东,惠南,华钜御庭(三期)(公寓),38136元/m2,4套在售二手房,https://sh.lianjia.com/xiaoqu/5011102206891/,2014年建成 ,板楼,1.4元/平米/月,普陀,上海颐和置业有限公司,9,280户
20191030,浦东,惠南,民乐城惠园,26525元/m2,2套在售二手房,https://sh.lianjia.com/xiaoqu/5011000000624/,2014年建成 ,板楼,1至1.1元/平米/月,民乐城,民乐城惠园,41,903户
20191030,浦东,惠南,盛和小区,24906元/m2,3套在售二手房,https://sh.lianjia.com/xiaoqu/5011102206747/,2003年建成 ,板楼,1元/平米/月,上海南汇惠房物业管理有限,暂无信息,8,60户
20191030,浦东,惠南,听潮七村,暂无,0套在售二手房,https://sh.lianjia.com/xiaoqu/5011000001666/,2008年建成 ,板楼,暂无信息,上海彩虹房屋物业管理有限,彩虹房地产,32,356户
20191030,浦东,惠南,公园新村,23104元/m2,3套在售二手房,https://sh.lianjia.com/xiaoqu/5011000001259/,1975年建成 ,板楼,0.95元/平米/月,上海南汇惠房物业管理有限,上海中福地产置业有限公司,33,542户
20191030,浦东,惠南,布鲁斯小镇(二期)(别墅),32454元/m2,7套在售二手房,https://sh.lianjia.com/xiaoqu/5020036130769236/,2011年建成 ,板楼,2.8元/平米/月,保利物业管理有限,绿城集团,200,200户
20191030,浦东,惠南,金汇广场(二期),23082元/m2,1套在售二手房,https://sh.lianjia.com/xiaoqu/509821540319529/,2007年建成 ,板楼,0.6元/平米/月,上海景珠物业管理经营有限,暂无信息,7,74户
20191030,浦东,惠南,长城珑湾,22618元/m2,3套在售二手房,https://sh.lianjia.com/xiaoqu/5015978636020607/,2012年建成 ,塔楼/板楼,2.8元/平米/月,长城物业集团股份有限公司上海分,中洲控股(上海)上海深长城地产有限公司,28,454户
