20191030,浦东,金桥,丽都成品,58464元/m2,10套在售二手房,https://sh.lianjia.com/xiaoqu/5011000012310/,2005年建成 ,塔楼/板楼/平房,1.35至1.65元/平米/月,上海安居物业有限,上海中星（集团）有限公司,31,1121户
20191030,浦东,金桥,金桥湾清水苑,57753元/m2,46套在售二手房,https://sh.lianjia.com/xiaoqu/5011000013188/,1998年建成 ,板楼,0.62至1.02元/平米/月,上海安居物业有限,上海金桥出口加工区房地产发展有限公司,237,2737户
20191030,浦东,金桥,金桥新城,55627元/m2,16套在售二手房,https://sh.lianjia.com/xiaoqu/5011000017084/,2004年建成 ,板楼,1.35元/平米/月,上海芸绮物业管理有限,上海金馨丽舍置业有限公司,89,1779户
20191030,浦东,金桥,东陆新村六街坊,46723元/m2,23套在售二手房,https://sh.lianjia.com/xiaoqu/5011000009391/,1995年建成 ,板楼,0.69至0.8元/平米/月,上海安居物业有限,上海城投置业管理有限公司,182,2184户
20191030,浦东,金桥,荷五小区,48135元/m2,31套在售二手房,https://sh.lianjia.com/xiaoqu/5011000010653/,1995年建成 ,板楼,0.6元/平米/月,绿芳,金巷,156,1956户
20191030,浦东,金桥,金巷小区,44133元/m2,44套在售二手房,https://sh.lianjia.com/xiaoqu/5011000014054/,1994年建成 ,塔楼/板楼,0.8元/平米/月,上海振南物业有限,上海申龙集团,110,2323户
20191030,浦东,金桥,浦江东旭公寓(669弄1-109号),50081元/m2,13套在售二手房,https://sh.lianjia.com/xiaoqu/5011000009199/,2006年建成 ,板楼,0.9元/平米/月,上海实,上海虹阳置业有限公司,108,2673户
20191030,浦东,金桥,长岛公寓,45597元/m2,45套在售二手房,https://sh.lianjia.com/xiaoqu/5011000013735/,2000年建成 ,塔楼/板楼,1元/平米/月,洋泾,上海长航置业有限公司,14,2112户
20191030,浦东,金桥,荷三小区,46161元/m2,35套在售二手房,https://sh.lianjia.com/xiaoqu/5011000012604/,1993年建成 ,板楼,0.2至0.8元/平米/月,绿芳,金巷,195,2662户
20191030,浦东,金桥,东方丽景,62941元/m2,9套在售二手房,https://sh.lianjia.com/xiaoqu/5011000016220/,2005年建成 ,板楼,1.86元/平米/月,上海浦东物业管理,上海浦东伟业房地产开发总公司,46,1154户
20191030,浦东,金桥,金地未未来,75503元/m2,19套在售二手房,https://sh.lianjia.com/xiaoqu/5011000013344/,2008年建成 ,塔楼/板楼,3元/平米/月,金地,上海深翔房地产开发有限公司,72,1813户
20191030,浦东,金桥,六荷苑小区,47950元/m2,13套在售二手房,https://sh.lianjia.com/xiaoqu/5011000002621/,1996年建成 ,板楼,0.75元/平米/月,上海顺启物业管理有限,上海虹桥高尔夫俱乐部有限公司,77,1094户
20191030,浦东,金桥,金桥新家园,55496元/m2,10套在售二手房,https://sh.lianjia.com/xiaoqu/5011000013057/,2000年建成 ,板楼,1.2元/平米/月,上海玉星物业管理有限,上海台锦房地产有限公司,11,468户
20191030,浦东,金桥,朱家门小区,44694元/m2,49套在售二手房,https://sh.lianjia.com/xiaoqu/5011000010632/,1988年建成 ,塔楼/板楼,0.5至0.8元/平米/月,上海高化朱家门联合房产物业管理,上海嘉屯房地产开发经营有限公司,161,3131户
20191030,浦东,金桥,金泽苑,53372元/m2,11套在售二手房,https://sh.lianjia.com/xiaoqu/5011000016394/,1999年建成 ,板楼,0.5元/平米/月,伟裕,上海申龙集团,69,878户
20191030,浦东,金桥,浦三小区,47054元/m2,15套在售二手房,https://sh.lianjia.com/xiaoqu/5011000015639/,1996年建成 ,板楼,0.55元/平米/月,建工,上海虹桥高尔夫俱乐部有限公司,67,1061户
20191030,浦东,金桥,爱法新城,57433元/m2,9套在售二手房,https://sh.lianjia.com/xiaoqu/5011000012329/,2002年建成 ,板楼,0.8至1.3元/平米/月,上海上房物业管理有限公司昆山分,上海爱法房地产经营开发有限公司,98,1344户
20191030,浦东,金桥,东波苑二街坊,45927元/m2,14套在售二手房,https://sh.lianjia.com/xiaoqu/5011000015541/,1997年建成 ,板楼,0.45元/平米/月,上海浦东新区东波物业管理有限,上海东波房地产开发经营有限公司,79,920户
20191030,浦东,金桥,金桥和苑,58970元/m2,1套在售二手房,https://sh.lianjia.com/xiaoqu/5011000001978/,2011年建成 ,板楼,0.75元/平米/月,上海欣城物业管理有限,上海大金桥置业开发有限公司,29,512户
20191030,浦东,金桥,金和佳园,53912元/m2,2套在售二手房,https://sh.lianjia.com/xiaoqu/5011000017440/,2003年建成 ,板楼,1元/平米/月,上海畅苑物业管理有限,上海金合房地产有限公司,39,448户
20191030,浦东,金桥,金鹏苑,58698元/m2,16套在售二手房,https://sh.lianjia.com/xiaoqu/5011000017670/,1996年建成 ,板楼,0.8元/平米/月,上海凌浦物业有限,上海金鹏房地产开发有限公司,70,840户
20191030,浦东,金桥,东方城市华庭,56857元/m2,4套在售二手房,https://sh.lianjia.com/xiaoqu/5011000011777/,2006年建成 ,板楼,1.55元/平米/月,上海联讯物业管理有限,上海赣华房地产开发有限公司,13,330户
20191030,浦东,金桥,博一小区,48047元/m2,14套在售二手房,https://sh.lianjia.com/xiaoqu/5011000015271/,1995年建成 ,板楼,0.2至0.9元/平米/月,上海驰振物业管理有限,上海驰振物业管理有限公司,89,1566户
20191030,浦东,金桥,柳博小区(柳一小区),57100元/m2,15套在售二手房,https://sh.lianjia.com/xiaoqu/5011000003818/,1994年建成 ,板楼,0.3至0.8元/平米/月,浦房集团物业管理有限,上海建工集团,52,924户
20191030,浦东,金桥,莱阳北小区,43852元/m2,12套在售二手房,https://sh.lianjia.com/xiaoqu/5011000012093/,1990年建成 ,板楼,0.65元/平米/月,高桥,上海市人民政府动迁组,86,1648户
20191030,浦东,金桥,连城新苑,55548元/m2,6套在售二手房,https://sh.lianjia.com/xiaoqu/5011000014281/,2005年建成 ,板楼,1.75元/平米/月,上海陆家嘴物业管理有限,上海连盈置业发展有限公司,45,1004户
20191030,浦东,金桥,证大家园(五期),79587元/m2,10套在售二手房,https://sh.lianjia.com/xiaoqu/5020036949878630/,2002年建成 ,板楼,1.55至1.9元/平米/月,科瑞,上海大业房地产开发有限公司,42,920户
20191030,浦东,金桥,东陆新村五街坊,57739元/m2,10套在售二手房,https://sh.lianjia.com/xiaoqu/5011000013247/,2003年建成 ,板楼,0.4元/平米/月,上海民盈城投物业管理有限,上海城投置业管理有限公司,56,912户
20191030,浦东,金桥,阳光城市家园,54455元/m2,4套在售二手房,https://sh.lianjia.com/xiaoqu/5011000009622/,2009年建成 ,板楼,0.8元/平米/月,上海伟发物业有限,上海阳光欧洲城投资发展集团有限公司,24,1110户
20191030,浦东,金桥,碧云新天地(一期),65518元/m2,4套在售二手房,https://sh.lianjia.com/xiaoqu/5011000012976/,2002年建成 ,板楼,1.35元/平米/月,欣城,上海金桥出口加工区开发股份有限公司,90,1081户
20191030,浦东,金桥,晶波坊,46900元/m2,13套在售二手房,https://sh.lianjia.com/xiaoqu/5011000004005/,1996年建成 ,板楼,0.5元/平米/月,上海浦东新区东波物业管理有限,上海东波房产开发经营公司,109,1270户
20191030,浦东,金桥,新沪东公寓,61708元/m2,1套在售二手房,https://sh.lianjia.com/xiaoqu/5011000012253/,2006年建成 ,板楼,1.35元/平米/月,上海中星集团申城物业有限,上海中星（集团）有限公司,7,268户
20191030,浦东,金桥,东陆新村三街坊,47424元/m2,6套在售二手房,https://sh.lianjia.com/xiaoqu/5011000014069/,1993年建成 ,板楼,1.1元/平米/月,建工,上海建工房产有限公司,66,912户
20191030,浦东,金桥,沪东新村,39544元/m2,33套在售二手房,https://sh.lianjia.com/xiaoqu/5011000017409/,1953年建成 ,板楼,0.6元/平米/月,建工,上海建工房产有限公司,231,6690户
20191030,浦东,金桥,证大家园(三期),72361元/m2,25套在售二手房,https://sh.lianjia.com/xiaoqu/5011102209345/,2005年建成 ,板楼,1.15至2元/平米/月,科瑞,上海大业房地产开发有限公司,92,1296户
20191030,浦东,金桥,沪南船舶小区,54999元/m2,30套在售二手房,https://sh.lianjia.com/xiaoqu/5011000011814/,1993年建成 ,板楼,0.83元/平米/月,船泊,长岛船厂房产,131,1664户
20191030,浦东,金桥,博三小区,55274元/m2,11套在售二手房,https://sh.lianjia.com/xiaoqu/5011000010777/,1994年建成 ,板楼,0.3至0.8元/平米/月,上海驰振物业管理有限,上海驰振物业管理有限公司,69,1116户
20191030,浦东,金桥,伟业金锦苑二村,54360元/m2,12套在售二手房,https://sh.lianjia.com/xiaoqu/5011000002529/,2003年建成 ,板楼,0.6至0.8元/平米/月,上海中凯物业有限,上海浦东伟业房地产开发总公司,105,1236户
20191030,浦东,金桥,证大家园(一期),68904元/m2,21套在售二手房,https://sh.lianjia.com/xiaoqu/5011000014473/,2001年建成 ,板楼,1至1.55元/平米/月,上海证大物业管理有限,证大集团,133,809户
20191030,浦东,金桥,中惠广场,28249元/m2,20套在售二手房,https://sh.lianjia.com/xiaoqu/5011000014788/,2008年建成 ,塔楼,2.3元/平米/月,上海久联物业管理有限,上海中惠房地产发展有限公司,4,1102户
20191030,浦东,金桥,金桥一景,71952元/m2,10套在售二手房,https://sh.lianjia.com/xiaoqu/5011000016938/,2001年建成 ,板楼,1.1元/平米/月,上海黎达物业发展有限,上海锦旋房地产有限公司,32,433户
20191030,浦东,金桥,金舟苑,47869元/m2,7套在售二手房,https://sh.lianjia.com/xiaoqu/5011000016219/,2002年建成 ,板楼,0.6至0.9元/平米/月,上服,上海南杨置业发展有限公司,50,529户
20191030,浦东,金桥,蓝城小区,53617元/m2,7套在售二手房,https://sh.lianjia.com/xiaoqu/5011000003431/,1994年建成 ,板楼,0.7至0.8元/平米/月,浦房物业服务中心有限,申城地产,37,774户
20191030,浦东,金桥,东陆新村二街坊,43977元/m2,14套在售二手房,https://sh.lianjia.com/xiaoqu/5011000014769/,1993年建成 ,板楼,0.5至0.8元/平米/月,欣城,上海建工房产有限公司,143,1885户
20191030,浦东,金桥,佳虹小区,43161元/m2,12套在售二手房,https://sh.lianjia.com/xiaoqu/5011000000909/,1994年建成 ,板楼,0.8元/平米/月,上海建工物业有限,上海阳光欧洲城投资发展集团有限公司,69,1088户
20191030,浦东,金桥,丽江锦庭,44542元/m2,10套在售二手房,https://sh.lianjia.com/xiaoqu/5011000009796/,2005年建成 ,塔楼/板楼,1.35元/平米/月,上海必成置业有限,上海必成置业有限公司,2,297户
20191030,浦东,金桥,仁恒森兰雅苑(一期),68102元/m2,16套在售二手房,https://sh.lianjia.com/xiaoqu/5011000014672/,2012年建成 ,塔楼/板楼,5.6元/平米/月,上海仁恒物业管理有限,上海仁恒森兰置业有限公司,59,1006户
20191030,浦东,金桥,碧云新天地(二期),71608元/m2,5套在售二手房,https://sh.lianjia.com/xiaoqu/5011102208816/,2004年建成 ,板楼,1.35元/平米/月,上海欣城物业有限,金桥出口加工区房产发展有限公司,30,680户
20191030,浦东,金桥,金桥新村一街坊,46937元/m2,20套在售二手房,https://sh.lianjia.com/xiaoqu/5011000009203/,1993年建成 ,板楼,0.28元/平米/月,上海畅苑物业管理有限,上海浦龙集团,131,2160户
20191030,浦东,金桥,东沟七村,38541元/m2,4套在售二手房,https://sh.lianjia.com/xiaoqu/5011000002970/,1997年建成 ,板楼,0.6元/平米/月,上海浦东新区东沟物业有限,上海虹桥高尔夫俱乐部有限公司,53,882户
20191030,浦东,金桥,金泰小区,52697元/m2,6套在售二手房,https://sh.lianjia.com/xiaoqu/5011000013638/,1996年建成 ,板楼,0.8元/平米/月,泰欣物业有限,陆家嘴,25,324户
20191030,浦东,金桥,碧云青年汇(二期),24933元/m2,0套在售二手房,https://sh.lianjia.com/xiaoqu/5011000014678/,2007年建成 ,塔楼,5.8元/平米/月,上海群达置业有限,上海群达置业有限公司,4,1649户
20191030,浦东,金桥,绿城上海御园,88614元/m2,8套在售二手房,https://sh.lianjia.com/xiaoqu/5011000004288/,1986年建成 ,板楼,4.5至6.5元/平米/月,绿城,上海保利泓融房地产有限公司,42,905户
20191030,浦东,金桥,东沟二村,37592元/m2,3套在售二手房,https://sh.lianjia.com/xiaoqu/5011000018784/,1993年建成 ,板楼,0.7元/平米/月,上海浦东新区东沟物业有限,上海虹桥高尔夫俱乐部有限公司,30,516户
20191030,浦东,金桥,中冶尚城,71567元/m2,13套在售二手房,https://sh.lianjia.com/xiaoqu/5011000012532/,2010年建成 ,板楼,1.98元/平米/月,上海华高物业有限,上海中冶新域置业有限公司,52,1213户
20191030,浦东,金桥,金桥新村四街坊台儿庄小区,57778元/m2,7套在售二手房,https://sh.lianjia.com/xiaoqu/5011102208837/,1997年建成 ,板楼,0.55至2元/平米/月,上海畅苑物业管理有限,上海建工房产有限公司,82,1230户
20191030,浦东,金桥,莱阳新家园,48718元/m2,9套在售二手房,https://sh.lianjia.com/xiaoqu/5011000012271/,2000年建成 ,板楼,0.45元/平米/月,上海庆宇物业管理有限,上海庆宁置业有限公司,59,744户
20191030,浦东,金桥,沪新小区,44201元/m2,3套在售二手房,https://sh.lianjia.com/xiaoqu/5011000005496/,1986年建成 ,板楼,0.56元/平米/月,建工,上海建工集团,10,216户
20191030,浦东,金桥,东陆新村九街坊,49856元/m2,7套在售二手房,https://sh.lianjia.com/xiaoqu/5011000013699/,1996年建成 ,板楼,0.6元/平米/月,上海安居房物业管理有限,上海城投置业管理有限公司,62,744户
20191030,浦东,金桥,柳博小区(博二小区),51633元/m2,10套在售二手房,https://sh.lianjia.com/xiaoqu/5011000009217/,1994年建成 ,板楼,0.2至0.8元/平米/月,上海驰振物业管理有限,上海驰振物业管理有限公司,47,860户
20191030,浦东,金桥,东二小区,44088元/m2,23套在售二手房,https://sh.lianjia.com/xiaoqu/5011000014497/,1996年建成 ,板楼,0.5元/平米/月,上海畅苑物业管理有限,上海浦龙集团,117,1976户
20191030,浦东,金桥,东沟六村,38065元/m2,2套在售二手房,https://sh.lianjia.com/xiaoqu/5011000014167/,1993年建成 ,板楼,0.6元/平米/月,上海浦东新区东沟物业有限,上海建工房产有限公司,49,664户
20191030,浦东,金桥,伟业金锦苑三村,55904元/m2,16套在售二手房,https://sh.lianjia.com/xiaoqu/5011000012650/,2003年建成 ,板楼,0.55元/平米/月,上海三凌物业管理,上海浦东伟业房地产开发总公司,109,1281户
20191030,浦东,金桥,高海家苑,59883元/m2,2套在售二手房,https://sh.lianjia.com/xiaoqu/5011000002458/,2011年建成 ,板楼,0.98至9元/平米/月,上海南顺物业管理有限,弘达置业,16,412户
20191030,浦东,金桥,金桥花苑,61978元/m2,12套在售二手房,https://sh.lianjia.com/xiaoqu/5011000017105/,1998年建成 ,板楼,0.6至0.9元/平米/月,金新,金城集团,51,614户
20191030,浦东,金桥,联鑫坊,49165元/m2,16套在售二手房,https://sh.lianjia.com/xiaoqu/5011000009821/,1998年建成 ,板楼,0.8元/平米/月,华新,上海虹桥高尔夫俱乐部有限公司,76,890户
20191030,浦东,金桥,银桥花苑,50907元/m2,5套在售二手房,https://sh.lianjia.com/xiaoqu/5011000012188/,1998年建成 ,板楼,0.85元/平米/月,上海浦东华沙物业有限,上海开泰,48,538户
20191030,浦东,金桥,金桥名都,63233元/m2,7套在售二手房,https://sh.lianjia.com/xiaoqu/5011000012630/,2004年建成 ,板楼,1.55元/平米/月,上海浦东金桥,上海金桥房地产发展有限公司,33,1126户
20191030,浦东,金桥,伟业金锦苑一村,51931元/m2,13套在售二手房,https://sh.lianjia.com/xiaoqu/5011000002528/,2003年建成 ,板楼,0.85元/平米/月,海浦东伟业物业管理有限,上海浦东伟业房地产开发总公司,50,596户
20191030,浦东,金桥,正旺苑,52521元/m2,10套在售二手房,https://sh.lianjia.com/xiaoqu/5011000014550/,2004年建成 ,板楼,1.1元/平米/月,上海欣城物业有限,上海正旺房地产开发有限公司,92,1334户
20191030,浦东,金桥,嘉屯苑,50239元/m2,9套在售二手房,https://sh.lianjia.com/xiaoqu/5011000011749/,1999年建成 ,板楼,0.56元/平米/月,上海嘉屯物业管理有限,上海嘉屯房地产开发经营有限公司,64,744户
20191030,浦东,金桥,东陆新村七街坊,45340元/m2,9套在售二手房,https://sh.lianjia.com/xiaoqu/5011000014131/,1993年建成 ,板楼,0.9元/平米/月,上海中凯物业有限,上海城投置业管理有限公司,108,1668户
20191030,浦东,金桥,金桥都市花园,69266元/m2,4套在售二手房,https://sh.lianjia.com/xiaoqu/5011000012008/,2000年建成 ,板楼,1.2至2.61元/平米/月,上海浦东物业管理,上海金桥房地产发展有限公司,13,304户
20191030,浦东,金桥,莱金佳园,60902元/m2,1套在售二手房,https://sh.lianjia.com/xiaoqu/5011000013256/,2004年建成 ,板楼,1.35元/平米/月,上海孜诚置业有限,上海莱金置业有限公司,21,372户
20191030,浦东,金桥,东五小区(浦东),44171元/m2,6套在售二手房,https://sh.lianjia.com/xiaoqu/5011000013298/,1995年建成 ,板楼,0.8元/平米/月,上海安得物业管理有限,上海建工房产有限公司,64,828户
20191030,浦东,金桥,东一小区,44780元/m2,26套在售二手房,https://sh.lianjia.com/xiaoqu/5011000017847/,1994年建成 ,板楼,0.6至0.8元/平米/月,上海欣晨物业管理有限,上海金桥出口加工区开发股份有限公司,84,1665户
20191030,浦东,金桥,兰城小区,54690元/m2,5套在售二手房,https://sh.lianjia.com/xiaoqu/5011000006029/,1994年建成 ,板楼,0.8元/平米/月,浦房集团物业管理有限,上海驰振物业管理有限公司,47,738户
20191030,浦东,金桥,巨峰家苑(公寓),56818元/m2,2套在售二手房,https://sh.lianjia.com/xiaoqu/5011000012304/,2005年建成 ,板楼,1.45元/平米/月,江西四安物业管理有限,上海金桥环元置业发展有限公司,53,759户
20191030,浦东,金桥,仁恒森兰雅苑(二期),72724元/m2,5套在售二手房,https://sh.lianjia.com/xiaoqu/5020038551401455/,2014年建成 ,板楼,5.6元/平米/月,上海仁恒物业管理有限,上海仁恒森兰置业有限公司,14,492户
20191030,浦东,金桥,高弘家苑,60276元/m2,6套在售二手房,https://sh.lianjia.com/xiaoqu/5011000001245/,2011年建成 ,板楼,0.9至1.2元/平米/月,上海南顺物业管理有限,弘达置业,15,740户
20191030,浦东,金桥,永业小区,47127元/m2,10套在售二手房,https://sh.lianjia.com/xiaoqu/5011000014511/,1992年建成 ,板楼,0.5至0.6元/平米/月,上海伟发物业有限,上海建工房产有限公司,104,1546户
20191030,浦东,金桥,张桥小区,44861元/m2,6套在售二手房,https://sh.lianjia.com/xiaoqu/5011000002822/,1990年建成 ,板楼,0.9元/平米/月,上海伟发物业有限,上海伟发置业有限公司,40,578户
20191030,浦东,金桥,江南山水,60350元/m2,4套在售二手房,https://sh.lianjia.com/xiaoqu/5011000016221/,2000年建成 ,板楼,1.2元/平米/月,上海春川物业服务有限,上海鹏莱房地产开发有限公司,49,1158户
20191030,浦东,金桥,连城苑,64337元/m2,13套在售二手房,https://sh.lianjia.com/xiaoqu/5011000013044/,2002年建成 ,板楼,1.15至1.5元/平米/月,上海陆家嘴物业管理有限,上海连城置业发展有限公司,46,749户
20191030,浦东,金桥,荷一小区,43138元/m2,7套在售二手房,https://sh.lianjia.com/xiaoqu/5011000014724/,1995年建成 ,板楼,0.58元/平米/月,绿欣,金巷,65,1122户
20191030,浦东,金桥,证大家园(二期),69946元/m2,12套在售二手房,https://sh.lianjia.com/xiaoqu/5020036949877326/,2002年建成 ,板楼,1.55元/平米/月,科瑞,上海大业房地产开发有限公司,70,831户
20191030,浦东,金桥,金桥新城(一期),55480元/m2,5套在售二手房,https://sh.lianjia.com/xiaoqu/5020038393969922/,2002年建成 ,板楼,1.35至1.38元/平米/月,上海芸绮物业管理有限,上海金馨丽舍置业有限公司,28,447户
20191030,浦东,金桥,金桥横街小区,55804元/m2,6套在售二手房,https://sh.lianjia.com/xiaoqu/5011000001068/,1996年建成 ,板楼,0.6元/平米/月,高桥,上海建工房产有限公司,20,349户
20191030,浦东,金桥,阳光欧洲城别墅(三期),59697元/m2,2套在售二手房,https://sh.lianjia.com/xiaoqu/5020038195795186/,2002年建成 ,板楼,1.5元/平米/月,上海市陆家嘴物业管理有限,上海富盛经济开发区开发有限公司,281,281户
20191030,浦东,金桥,禹洲金桥国际,43636元/m2,48套在售二手房,https://sh.lianjia.com/xiaoqu/5011000004939/,2008年建成 ,塔楼/板楼,6.8元/平米/月,厦门路,禹州集团,10,4257户
20191030,浦东,金桥,今达花园,60903元/m2,3套在售二手房,https://sh.lianjia.com/xiaoqu/5011000017397/,2001年建成 ,板楼,1.05元/平米/月,上海市长宁区公房资产经营,上海鹏莱房地产开发有限公司,45,460户
20191030,浦东,金桥,锦欣苑,53308元/m2,2套在售二手房,https://sh.lianjia.com/xiaoqu/5011000003384/,2002年建成 ,板楼,0.68元/平米/月,自主,上海东波房产开发经营公司,16,177户
20191030,浦东,金桥,东荷小区,45119元/m2,6套在售二手房,https://sh.lianjia.com/xiaoqu/5011000014564/,1996年建成 ,板楼,0.8元/平米/月,上海建工物业有限,上海建工房产有限公司,94,1166户
20191030,浦东,金桥,东陆新村四街坊,45269元/m2,8套在售二手房,https://sh.lianjia.com/xiaoqu/5011000014379/,1995年建成 ,板楼,0.95元/平米/月,上海安居房物业管理有限,上海城投置业管理有限公司,70,896户
20191030,浦东,金桥,景源佳苑,46186元/m2,12套在售二手房,https://sh.lianjia.com/xiaoqu/5011000013548/,2004年建成 ,板楼,0.8元/平米/月,上海南顺物业管理有限,上海凯申房地产开发有限公司,39,596户
20191030,浦东,金桥,阳光城MODO自由区,38580元/m2,15套在售二手房,https://sh.lianjia.com/xiaoqu/509821540057622/,2013年建成 ,塔楼/板楼,6元/平米/月,阳光城,阳光城集团,2,462户
20191030,浦东,金桥,沪东花苑,46800元/m2,2套在售二手房,https://sh.lianjia.com/xiaoqu/5011000000907/,1995年建成 ,板楼,0.6元/平米/月,船厂,沪东船厂,15,216户
20191030,浦东,金桥,金桥新村四街坊(长岛路1203弄),57438元/m2,1套在售二手房,https://sh.lianjia.com/xiaoqu/5011102208580/,1997年建成 ,板楼,0.55元/平米/月,上海畅苑物业管理有限,上海浦龙集团,64,844户
20191030,浦东,金桥,上泰雅苑,53455元/m2,2套在售二手房,https://sh.lianjia.com/xiaoqu/5011000011163/,2003年建成 ,板楼,1.2元/平米/月,上泰,上海上泰置业有限公司,34,460户
20191030,浦东,金桥,爱法新都,62738元/m2,15套在售二手房,https://sh.lianjia.com/xiaoqu/5011000017370/,2001年建成 ,板楼,1.15元/平米/月,爱洁,上海爱法房地产经营开发有限公司,37,524户
20191030,浦东,金桥,贝尔新村,47663元/m2,8套在售二手房,https://sh.lianjia.com/xiaoqu/5011000007070/,1997年建成 ,板楼,0.45元/平米/月,绿晖,上海申龙集团,18,328户
20191030,浦东,金桥,森兰名轩(二期),73478元/m2,5套在售二手房,https://sh.lianjia.com/xiaoqu/5020027674699539/,2015年建成 ,板楼/塔板结合,3.9至4.6元/平米/月,东湖,上海外高桥股份开发有限公司,35,405户
20191030,浦东,金桥,中大丽都,60652元/m2,6套在售二手房,https://sh.lianjia.com/xiaoqu/5011000017500/,2003年建成 ,板楼,0.9至1.38元/平米/月,古北,上海中星（集团）有限公司,39,785户
20191030,浦东,金桥,东陆新村八街坊,45127元/m2,7套在售二手房,https://sh.lianjia.com/xiaoqu/5011000004140/,1996年建成 ,板楼,0.8元/平米/月,上海安居房物业管理有限,上海城投置业管理有限公司,33,372户
20191030,浦东,金桥,证大家园(四期),71967元/m2,21套在售二手房,https://sh.lianjia.com/xiaoqu/5020036949878475/,2006年建成 ,板楼,1.55元/平米/月,科瑞,上海大业房地产开发有限公司,43,998户
20191030,浦东,金桥,黄山新苑,75808元/m2,4套在售二手房,https://sh.lianjia.com/xiaoqu/5011000017634/,2002年建成 ,板楼,0.9元/平米/月,黄山创新物业管理有限,上海合信房地产有限公司,37,407户
20191030,浦东,金桥,浦江东旭公寓626弄,51811元/m2,5套在售二手房,https://sh.lianjia.com/xiaoqu/5020038168530849/,2007年建成 ,板楼,1.1元/平米/月,上海实,上海虹阳置业有限公司,24,585户
20191030,浦东,金桥,璞真园,62673元/m2,1套在售二手房,https://sh.lianjia.com/xiaoqu/5011000010232/,2003年建成 ,板楼,0.85元/平米/月,四商,上海瑞东置业有限公司,29,392户
20191030,浦东,金桥,寿一小区,43647元/m2,25套在售二手房,https://sh.lianjia.com/xiaoqu/5011000014389/,1987年建成 ,板楼,0.8至0.95元/平米/月,上海建工物业有限,上海虹桥高尔夫俱乐部有限公司,208,2413户
20191030,浦东,金桥,陈家宅小区(浦东大道),46672元/m2,0套在售二手房,https://sh.lianjia.com/xiaoqu/5011000016516/,1982年建成 ,板楼,0.8至1.38元/平米/月,上海中意物业管理有限,大华集团上海华宜置业有限公司,75,1596户
20191030,浦东,金桥,新城碧翠,55983元/m2,13套在售二手房,https://sh.lianjia.com/xiaoqu/5011000010045/,2012年建成 ,板楼,5.6元/平米/月,金钥匙物业顾问有限,上海东郡房地产开发有限公司,45,818户
20191030,浦东,金桥,金东名苑,56941元/m2,2套在售二手房,https://sh.lianjia.com/xiaoqu/5011000003587/,2007年建成 ,板楼,0.8至1.3元/平米/月,建工,上海建工房产有限公司,37,1342户
20191030,浦东,金桥,伟莱家园,46148元/m2,5套在售二手房,https://sh.lianjia.com/xiaoqu/5011000017840/,1994年建成 ,板楼,0.95元/平米/月,上海中凯物业有限,上海浦东伟业房地产开发总公司,62,742户
20191030,浦东,金桥,金色米兰苑,50870元/m2,2套在售二手房,https://sh.lianjia.com/xiaoqu/5011000002892/,2003年建成 ,板楼,0.8元/平米/月,上海伟发物业有限,上海阳光欧洲城投资发展集团有限公司,53,636户
20191030,浦东,金桥,海韵茗庭,56260元/m2,4套在售二手房,https://sh.lianjia.com/xiaoqu/5011063202824/,2013年建成 ,板楼,2.95元/平米/月,上海华高物业管理有限,上海东翼房产有限公司,14,534户
20191030,浦东,金桥,中环滨江大厦,44212元/m2,0套在售二手房,https://sh.lianjia.com/xiaoqu/5011000014232/,2008年建成 ,塔楼/板楼,4元/平米/月,上海同进物业服务有限,上海富岛房地产有限公司,6,700户
20191030,浦东,金桥,龙臣公寓,48730元/m2,6套在售二手房,https://sh.lianjia.com/xiaoqu/5011000011045/,1997年建成 ,板楼,0.8元/平米/月,上海宏安物业管理有限,上海龙臣置业有限公司,62,734户
20191030,浦东,金桥,东靖苑,47322元/m2,6套在售二手房,https://sh.lianjia.com/xiaoqu/5011000009420/,2001年建成 ,板楼,0.6元/平米/月,上海建浦房地产,上海建浦房地产有限公司,57,678户
20191030,浦东,金桥,金藤苑,47101元/m2,8套在售二手房,https://sh.lianjia.com/xiaoqu/5011000014488/,1997年建成 ,板楼,1.35元/平米/月,上海实,上海家屯房地产开发经营有限公司,64,876户
20191030,浦东,金桥,利津小区,44509元/m2,1套在售二手房,https://sh.lianjia.com/xiaoqu/5011000002391/,1997年建成 ,塔楼,1.4元/平米/月,宜运,赤峰宜远房地产开发有限责任公司,2,288户
20191030,浦东,金桥,同方锦城（C区）,57367元/m2,7套在售二手房,https://sh.lianjia.com/xiaoqu/5011000015537/,2004年建成 ,板楼,1.2元/平米/月,上海驰骋物业管理有限,上海城建(集团)公司,49,2391户
20191030,浦东,金桥,中大新苑,55695元/m2,3套在售二手房,https://sh.lianjia.com/xiaoqu/5011000012260/,2001年建成 ,板楼,0.8元/平米/月,上海畅苑物业管理有限,上海浦龙集团,22,248户
20191030,浦东,金桥,浦江东旭公寓(669弄110-124号),50965元/m2,4套在售二手房,https://sh.lianjia.com/xiaoqu/5020038168528673/,2009年建成 ,板楼,1.1元/平米/月,上海实,上海虹阳置业有限公司,12,756户
20191030,浦东,金桥,双桥小区,72344元/m2,42套在售二手房,https://sh.lianjia.com/xiaoqu/5011000010440/,1997年建成 ,板楼,0.6至0.8元/平米/月,上海宏途物业有限,上海建工房产有限公司,153,1828户
20191030,浦东,金桥,浦兴苑,52267元/m2,3套在售二手房,https://sh.lianjia.com/xiaoqu/5011000012628/,2006年建成 ,板楼,0.8元/平米/月,云琦,上海东莱房地产开发有限公司,25,464户
20191030,浦东,金桥,船舶新村,49021元/m2,13套在售二手房,https://sh.lianjia.com/xiaoqu/5011000001688/,1953年建成 ,板楼,0.35元/平米/月,船泊,长岛船厂房产,24,634户
20191030,浦东,金桥,森兰名轩,71775元/m2,4套在售二手房,https://sh.lianjia.com/xiaoqu/5011000019580/,2015年建成 ,板楼,3.9元/平米/月,东湖,上海同运置业有限公司,23,506户
20191030,浦东,金桥,新紫茂国际,38538元/m2,0套在售二手房,https://sh.lianjia.com/xiaoqu/5011000009001/,2013年建成 ,塔楼/板楼,5.8元/平米/月,上海中邦物业管理有限,上海华宏工贸有限公司,3,753户
20191030,浦东,金桥,外外滩,69587元/m2,0套在售二手房,https://sh.lianjia.com/xiaoqu/5011000019272/,2015年建成 ,板楼,2.8元/平米/月,上海顺风物业管理有限责任,上海之忠房地产开发有限公司,7,331户
20191030,浦东,金桥,东沟三村,37103元/m2,1套在售二手房,https://sh.lianjia.com/xiaoqu/5011000014772/,1993年建成 ,板楼,0.7元/平米/月,上海浦东物业管理,浦东房地产开发公司,22,408户
20191030,浦东,金桥,同方锦城（B区）,62529元/m2,5套在售二手房,https://sh.lianjia.com/xiaoqu/5020041911732634/,2003年建成 ,板楼,1.2元/平米/月,上海驰骋物业管理有限,上海驰振物业管理有限公司,23,299户
20191030,浦东,金桥,五莲一小区,46250元/m2,5套在售二手房,https://sh.lianjia.com/xiaoqu/5011000020422/,1990年建成 ,塔楼/板楼,0.65元/平米/月,上海中星集团申城物业有限,上海新高桥开发有限公司,9,540户
20191030,浦东,金桥,仁恒森兰雅苑(三期),47716元/m2,2套在售二手房,https://sh.lianjia.com/xiaoqu/5020038551401313/,2015年建成 ,板楼,5.6元/平米/月,上海仁恒物业管理有限,上海仁恒森兰置业有限公司,24,340户
20191030,浦东,金桥,东沟一村,35791元/m2,3套在售二手房,https://sh.lianjia.com/xiaoqu/5011000011216/,1991年建成 ,板楼,0.8至1.8元/平米/月,凌志,凌志集团,36,477户
20191030,浦东,金桥,浦煤新村,38507元/m2,4套在售二手房,https://sh.lianjia.com/xiaoqu/5011000014617/,1985年建成 ,板楼,0.7至1.2元/平米/月,上海绿地物业服务有限,绿城集团,34,686户
20191030,浦东,金桥,汇佳苑,57752元/m2,2套在售二手房,https://sh.lianjia.com/xiaoqu/5011000013223/,2001年建成 ,板楼,0.7元/平米/月,上海安远物业管理有限,上海汇丰房地产开发经营公司,45,462户
20191030,浦东,金桥,邮电小区(浦东),51613元/m2,2套在售二手房,https://sh.lianjia.com/xiaoqu/5011000006681/,1998年建成 ,板楼,1.35元/平米/月,上海民福,上海建工集团,49,636户
20191030,浦东,金桥,东方别墅(二期),暂无,2套在售二手房,https://sh.lianjia.com/xiaoqu/5016389398891426/,2002年建成 ,板楼,暂无信息,东庭,宝钢集团有限公司,85,85户
20191030,浦东,金桥,金桥新村四街坊(长岛路1267弄),58995元/m2,4套在售二手房,https://sh.lianjia.com/xiaoqu/5011102208360/,1998年建成 ,板楼,0.28元/平米/月,上海畅苑物业管理有限,上海浦龙集团,51,578户
20191030,浦东,金桥,浦沁苑,58845元/m2,2套在售二手房,https://sh.lianjia.com/xiaoqu/5011000001031/,2007年建成 ,板楼,1.45元/平米/月,上海证大物业管理有限,上海晨曦置业发展有限公司,11,197户
20191030,浦东,金桥,阳光欧洲城别墅(一期),50000元/m2,1套在售二手房,https://sh.lianjia.com/xiaoqu/5020038195795130/,1999年建成 ,板楼,1.5元/平米/月,上海市陆家嘴物业管理有限,上海阳光欧洲城投资发展集团有限公司,227,228户
20191030,浦东,金桥,金海商业广场,26855元/m2,6套在售二手房,https://sh.lianjia.com/xiaoqu/5011000003452/,2014年建成 ,板楼,暂无信息,上海倍至物业管理有限,上海联北经贸有限公司,1,217户
20191030,浦东,金桥,东沟四村,40480元/m2,2套在售二手房,https://sh.lianjia.com/xiaoqu/5011000013333/,1981年建成 ,板楼,0.8元/平米/月,建工,上海建工房产有限公司,48,756户
20191030,浦东,金桥,福建天安大厦,暂无,0套在售二手房,https://sh.lianjia.com/xiaoqu/5011000011242/,1997年建成 ,塔楼,21元/平米/月,宏龙,上海鸿昌房地产有限公司,1,285户
20191030,浦东,金桥,长岛路825弄48号,暂无,0套在售二手房,https://sh.lianjia.com/xiaoqu/5012970554045106/,暂无信息 ,未知,暂无信息,暂无信息,暂无信息,1,1户
20191030,浦东,金桥,金高路1296弄49-50号,暂无,0套在售二手房,https://sh.lianjia.com/xiaoqu/5012970554044657/,暂无信息 ,未知,暂无信息,暂无信息,暂无信息,1,3户
20191030,浦东,金桥,胶东路819-821(单号),暂无,0套在售二手房,https://sh.lianjia.com/xiaoqu/5020023598070195/,2004年建成 ,板楼,0.7元/平米/月,上海新金桥物业管理有限,上海金合房地产有限公司,1,1户
20191030,浦东,金桥,金高路1296弄69号,暂无,0套在售二手房,https://sh.lianjia.com/xiaoqu/5020024623043357/,暂无信息 ,未知,暂无信息,暂无信息,暂无信息,1,1户
20191030,浦东,金桥,繁锦路662,664号,暂无,0套在售二手房,https://sh.lianjia.com/xiaoqu/5012970599658030/,2006年建成 ,塔板结合,1.98元/平米/月,上海华高物业有限,上海中冶新域置业有限公司,1,1户
20191030,浦东,金桥,博兴路1494号,暂无,0套在售二手房,https://sh.lianjia.com/xiaoqu/5012970584454094/,暂无信息 ,未知,暂无信息,暂无信息,暂无信息,1,1户
20191030,浦东,金桥,博兴路1258号,暂无,0套在售二手房,https://sh.lianjia.com/xiaoqu/5012970584454089/,暂无信息 ,未知,暂无信息,暂无信息,暂无信息,1,1户
20191030,浦东,金桥,博兴路1478号,暂无,0套在售二手房,https://sh.lianjia.com/xiaoqu/5012970584454092/,暂无信息 ,未知,暂无信息,暂无信息,暂无信息,1,1户
20191030,浦东,金桥,博兴路450号,暂无,0套在售二手房,https://sh.lianjia.com/xiaoqu/5012970584454132/,暂无信息 ,未知,暂无信息,暂无信息,暂无信息,1,1户
20191030,浦东,金桥,胶东路370号,暂无,0套在售二手房,https://sh.lianjia.com/xiaoqu/5012970554044513/,暂无信息 ,未知,暂无信息,暂无信息,暂无信息,1,1户
20191030,浦东,金桥,东陆路1755弄37号,暂无,0套在售二手房,https://sh.lianjia.com/xiaoqu/5012970599657660/,暂无信息 ,未知,暂无信息,暂无信息,暂无信息,1,1户
20191030,浦东,金桥,东陆路2012号,暂无,0套在售二手房,https://sh.lianjia.com/xiaoqu/5012970599657671/,暂无信息 ,未知,暂无信息,暂无信息,暂无信息,1,3户
20191030,浦东,金桥,乐园路109号,暂无,0套在售二手房,https://sh.lianjia.com/xiaoqu/5012970492703247/,暂无信息 ,未知,暂无信息,暂无信息,暂无信息,1,2户
20191030,浦东,金桥,利津路455号,暂无,0套在售二手房,https://sh.lianjia.com/xiaoqu/5012970492703316/,暂无信息 ,未知,暂无信息,暂无信息,暂无信息,1,1户
20191030,浦东,金桥,金高路1604号,暂无,0套在售二手房,https://sh.lianjia.com/xiaoqu/5012970554044663/,暂无信息 ,未知,暂无信息,暂无信息,暂无信息,1,1户
20191030,浦东,金桥,金高路1296弄131号,暂无,0套在售二手房,https://sh.lianjia.com/xiaoqu/5012970554044652/,暂无信息 ,未知,暂无信息,暂无信息,暂无信息,1,1户
20191030,浦东,金桥,金高路1296弄6号,暂无,0套在售二手房,https://sh.lianjia.com/xiaoqu/5012970554044660/,暂无信息 ,未知,暂无信息,暂无信息,暂无信息,1,3户
20191030,浦东,金桥,台儿庄路281号,暂无,0套在售二手房,https://sh.lianjia.com/xiaoqu/5012970523373647/,暂无信息 ,未知,暂无信息,暂无信息,暂无信息,1,1户
20191030,浦东,金桥,博兴路488号,暂无,0套在售二手房,https://sh.lianjia.com/xiaoqu/5012970584454137/,暂无信息 ,未知,暂无信息,暂无信息,暂无信息,1,1户
20191030,浦东,金桥,浦东大道3118号,暂无,0套在售二手房,https://sh.lianjia.com/xiaoqu/5015100118863311/,暂无信息 ,未知,暂无信息,暂无信息,暂无信息,1,1户
20191030,浦东,金桥,佳林路77号,暂无,0套在售二手房,https://sh.lianjia.com/xiaoqu/5020024119460484/,暂无信息 ,未知,暂无信息,暂无信息,暂无信息,1,1户
20191030,浦东,金桥,金高路1296弄81号,暂无,0套在售二手房,https://sh.lianjia.com/xiaoqu/5016952699399270/,暂无信息 ,未知,暂无信息,暂无信息,暂无信息,1,1户
20191030,浦东,金桥,东陆路946号,暂无,0套在售二手房,https://sh.lianjia.com/xiaoqu/5016389506370532/,1995年建成 ,未知,暂无信息,暂无信息,暂无信息,1,1户
20191030,浦东,金桥,双桥路283号,暂无,0套在售二手房,https://sh.lianjia.com/xiaoqu/5012970782109854/,暂无信息 ,未知,暂无信息,暂无信息,暂无信息,1,1户
20191030,浦东,金桥,金桥路1359号,暂无,0套在售二手房,https://sh.lianjia.com/xiaoqu/5016389371080585/,1995年建成 ,塔楼,暂无信息,暂无信息,暂无信息,1,23户
20191030,浦东,金桥,金京路1770号,暂无,0套在售二手房,https://sh.lianjia.com/xiaoqu/5016389543047620/,2014年建成 ,未知,暂无信息,暂无信息,暂无信息,1,2户
20191030,浦东,金桥,归昌路383-385号,暂无,0套在售二手房,https://sh.lianjia.com/xiaoqu/5012970782110517/,暂无信息 ,未知,暂无信息,暂无信息,暂无信息,1,1户
20191030,浦东,金桥,莱阳路901号,暂无,0套在售二手房,https://sh.lianjia.com/xiaoqu/5017698083320343/,暂无信息 ,未知,暂无信息,暂无信息,暂无信息,1,1户
20191030,浦东,金桥,乐园路99号,暂无,0套在售二手房,https://sh.lianjia.com/xiaoqu/5017880072073925/,暂无信息 ,未知,暂无信息,暂无信息,暂无信息,1,1户
20191030,浦东,金桥,金高路2078号,暂无,0套在售二手房,https://sh.lianjia.com/xiaoqu/5020024894690568/,暂无信息 ,未知,暂无信息,暂无信息,暂无信息,1,1户
20191030,浦东,金桥,佳林路86号,暂无,0套在售二手房,https://sh.lianjia.com/xiaoqu/5016389543047693/,2000年建成 ,未知,暂无信息,暂无信息,暂无信息,1,2户
20191030,浦东,金桥,潮洞坝26号,暂无,0套在售二手房,https://sh.lianjia.com/xiaoqu/5020029163125503/,暂无信息 ,未知,暂无信息,暂无信息,暂无信息,1,25户
20191030,浦东,金桥,东波路217号,暂无,0套在售二手房,https://sh.lianjia.com/xiaoqu/5012970751701371/,暂无信息 ,未知,暂无信息,暂无信息,暂无信息,1,1户
20191030,浦东,金桥,东波路30号,暂无,0套在售二手房,https://sh.lianjia.com/xiaoqu/5012970751701374/,暂无信息 ,未知,暂无信息,暂无信息,暂无信息,1,1户
20191030,浦东,金桥,博兴路871号,暂无,0套在售二手房,https://sh.lianjia.com/xiaoqu/5016114437599245/,暂无信息 ,未知,暂无信息,暂无信息,暂无信息,1,1户
20191030,浦东,金桥,凌河路279号,暂无,0套在售二手房,https://sh.lianjia.com/xiaoqu/5012970706350803/,暂无信息 ,未知,暂无信息,暂无信息,暂无信息,1,1户
20191030,浦东,金桥,佳京路465号,暂无,0套在售二手房,https://sh.lianjia.com/xiaoqu/5016389558274076/,2014年建成 ,未知,暂无信息,暂无信息,暂无信息,1,2户
20191030,浦东,金桥,东靖路898号,暂无,0套在售二手房,https://sh.lianjia.com/xiaoqu/5012970751701586/,暂无信息 ,未知,暂无信息,暂无信息,暂无信息,1,2户
20191030,浦东,金桥,东靖路707号,暂无,0套在售二手房,https://sh.lianjia.com/xiaoqu/5012970751701583/,暂无信息 ,未知,暂无信息,暂无信息,暂无信息,1,1户
20191030,浦东,金桥,双桥路187号,暂无,0套在售二手房,https://sh.lianjia.com/xiaoqu/5012970782109851/,暂无信息 ,未知,暂无信息,暂无信息,暂无信息,1,1户
20191030,浦东,金桥,博兴路1597号,暂无,0套在售二手房,https://sh.lianjia.com/xiaoqu/5012970584454101/,暂无信息 ,未知,暂无信息,暂无信息,暂无信息,1,2户
20191030,浦东,金桥,博兴路220号,暂无,0套在售二手房,https://sh.lianjia.com/xiaoqu/5012970584454116/,暂无信息 ,未知,暂无信息,暂无信息,暂无信息,1,1户
20191030,浦东,金桥,博兴路448号,暂无,0套在售二手房,https://sh.lianjia.com/xiaoqu/5012970584454131/,暂无信息 ,未知,暂无信息,暂无信息,暂无信息,1,1户
20191030,浦东,金桥,东陆路1755弄47号,暂无,0套在售二手房,https://sh.lianjia.com/xiaoqu/5012970599657665/,暂无信息 ,未知,暂无信息,暂无信息,暂无信息,1,1户
20191030,浦东,金桥,行南路1111号,暂无,0套在售二手房,https://sh.lianjia.com/xiaoqu/5012970630067079/,暂无信息 ,未知,暂无信息,暂无信息,暂无信息,1,1户
20191030,浦东,金桥,莱阳路81号,暂无,0套在售二手房,https://sh.lianjia.com/xiaoqu/5012970614862097/,暂无信息 ,未知,暂无信息,暂无信息,暂无信息,1,1户
20191030,浦东,金桥,莱阳路918号,暂无,0套在售二手房,https://sh.lianjia.com/xiaoqu/5012970614862102/,暂无信息 ,未知,暂无信息,暂无信息,暂无信息,1,1户
20191030,浦东,金桥,五莲路1168号,暂无,0套在售二手房,https://sh.lianjia.com/xiaoqu/5012970614862612/,暂无信息 ,未知,暂无信息,暂无信息,暂无信息,1,1户
20191030,浦东,金桥,柳埠路233号,暂无,0套在售二手房,https://sh.lianjia.com/xiaoqu/5012970706350903/,暂无信息 ,未知,暂无信息,暂无信息,暂无信息,1,2户
20191030,浦东,金桥,柳埠路212号,暂无,0套在售二手房,https://sh.lianjia.com/xiaoqu/5012970706350896/,暂无信息 ,未知,暂无信息,暂无信息,暂无信息,1,2户
20191030,浦东,金桥,柳埠路125号,暂无,0套在售二手房,https://sh.lianjia.com/xiaoqu/5012970706350891/,暂无信息 ,未知,暂无信息,暂无信息,暂无信息,1,1户
20191030,浦东,金桥,张扬北路353号,暂无,0套在售二手房,https://sh.lianjia.com/xiaoqu/5012970660737261/,暂无信息 ,未知,暂无信息,暂无信息,暂无信息,1,1户
20191030,浦东,金桥,利津路357号,暂无,0套在售二手房,https://sh.lianjia.com/xiaoqu/5012970492703311/,暂无信息 ,未知,暂无信息,暂无信息,暂无信息,1,1户
20191030,浦东,金桥,金高路1296弄23号,暂无,0套在售二手房,https://sh.lianjia.com/xiaoqu/5012970554044654/,暂无信息 ,未知,暂无信息,暂无信息,暂无信息,1,1户
20191030,浦东,金桥,张杨北路571号,暂无,0套在售二手房,https://sh.lianjia.com/xiaoqu/5012970554044877/,暂无信息 ,未知,暂无信息,暂无信息,暂无信息,1,1户
20191030,浦东,金桥,长岛路823弄77号,暂无,0套在售二手房,https://sh.lianjia.com/xiaoqu/5012970554045098/,暂无信息 ,未知,暂无信息,暂无信息,暂无信息,1,1户
20191030,浦东,金桥,长岛路1230号,暂无,0套在售二手房,https://sh.lianjia.com/xiaoqu/5012970554045058/,暂无信息 ,未知,暂无信息,暂无信息,暂无信息,1,2户
20191030,浦东,金桥,长岛路825弄44-58号,暂无,0套在售二手房,https://sh.lianjia.com/xiaoqu/5012970554045101/,暂无信息 ,未知,暂无信息,暂无信息,暂无信息,1,1户
20191030,浦东,金桥,长岛路823弄47号,暂无,0套在售二手房,https://sh.lianjia.com/xiaoqu/5012970554045077/,暂无信息 ,未知,暂无信息,暂无信息,暂无信息,1,1户
20191030,浦东,金桥,浦兴路571号,暂无,0套在售二手房,https://sh.lianjia.com/xiaoqu/5012970569248841/,暂无信息 ,未知,暂无信息,暂无信息,暂无信息,1,1户
20191030,浦东,金桥,凌河路771号,暂无,0套在售二手房,https://sh.lianjia.com/xiaoqu/5012970706350806/,暂无信息 ,未知,暂无信息,暂无信息,暂无信息,1,1户
20191030,浦东,金桥,金高路2058号,暂无,0套在售二手房,https://sh.lianjia.com/xiaoqu/5012970554044671/,暂无信息 ,未知,暂无信息,暂无信息,暂无信息,1,2户
20191030,浦东,金桥,金高路1296号58号,暂无,0套在售二手房,https://sh.lianjia.com/xiaoqu/5012970554044651/,暂无信息 ,未知,暂无信息,暂无信息,暂无信息,1,1户
20191030,浦东,金桥,张杨北路801号,暂无,0套在售二手房,https://sh.lianjia.com/xiaoqu/5012970554044879/,暂无信息 ,未知,暂无信息,暂无信息,暂无信息,1,1户
20191030,浦东,金桥,长岛路1192号,暂无,0套在售二手房,https://sh.lianjia.com/xiaoqu/5012970554045054/,暂无信息 ,未知,暂无信息,暂无信息,暂无信息,1,1户
20191030,浦东,金桥,长岛路1271号,暂无,0套在售二手房,https://sh.lianjia.com/xiaoqu/5012970554045062/,暂无信息 ,未知,暂无信息,暂无信息,暂无信息,1,1户
20191030,浦东,金桥,长岛路825弄46号,暂无,0套在售二手房,https://sh.lianjia.com/xiaoqu/5012970554045104/,暂无信息 ,未知,暂无信息,暂无信息,暂无信息,1,1户
20191030,浦东,金桥,东靖路914号,暂无,0套在售二手房,https://sh.lianjia.com/xiaoqu/5012970751701591/,暂无信息 ,未知,暂无信息,暂无信息,暂无信息,1,2户
20191030,浦东,金桥,金豫路60号,暂无,0套在售二手房,https://sh.lianjia.com/xiaoqu/5012970751701796/,暂无信息 ,未知,暂无信息,暂无信息,暂无信息,1,1户
20191030,浦东,金桥,金湘路201号,暂无,0套在售二手房,https://sh.lianjia.com/xiaoqu/5012970751701758/,暂无信息 ,未知,暂无信息,暂无信息,暂无信息,1,1户
20191030,浦东,金桥,莱阳路914号,暂无,0套在售二手房,https://sh.lianjia.com/xiaoqu/5012970614862101/,暂无信息 ,未知,暂无信息,暂无信息,暂无信息,1,1户
20191030,浦东,金桥,金湘路201弄18号,暂无,0套在售二手房,https://sh.lianjia.com/xiaoqu/5012970751701761/,暂无信息 ,未知,暂无信息,暂无信息,暂无信息,1,1户
20191030,浦东,金桥,金高路2088号,暂无,0套在售二手房,https://sh.lianjia.com/xiaoqu/5020025641476757/,暂无信息 ,未知,暂无信息,暂无信息,暂无信息,1,1户
20191030,浦东,金桥,浙桥路190号,暂无,0套在售二手房,https://sh.lianjia.com/xiaoqu/5012969805362128/,暂无信息 ,未知,暂无信息,暂无信息,暂无信息,1,1户
20191030,浦东,金桥,东波路425号,暂无,0套在售二手房,https://sh.lianjia.com/xiaoqu/5012970751701377/,暂无信息 ,未知,暂无信息,暂无信息,暂无信息,1,1户
20191030,浦东,金桥,金湘路201弄3-5号,暂无,0套在售二手房,https://sh.lianjia.com/xiaoqu/5012970751701764/,暂无信息 ,未知,暂无信息,暂无信息,暂无信息,1,1户
20191030,浦东,金桥,东靖路419-421号,暂无,0套在售二手房,https://sh.lianjia.com/xiaoqu/5012970751701579/,暂无信息 ,未知,暂无信息,暂无信息,暂无信息,1,1户
20191030,浦东,金桥,金豫路50号,暂无,0套在售二手房,https://sh.lianjia.com/xiaoqu/5012970751701795/,暂无信息 ,未知,暂无信息,暂无信息,暂无信息,1,1户
20191030,浦东,金桥,长岛路823弄55号,暂无,0套在售二手房,https://sh.lianjia.com/xiaoqu/5012970554045084/,暂无信息 ,未知,暂无信息,暂无信息,暂无信息,1,1户
20191030,浦东,金桥,长岛路823弄63号,暂无,0套在售二手房,https://sh.lianjia.com/xiaoqu/5012970554045089/,暂无信息 ,未知,暂无信息,暂无信息,暂无信息,1,2户
20191030,浦东,金桥,长岛路1150号,暂无,0套在售二手房,https://sh.lianjia.com/xiaoqu/5012970554045052/,暂无信息 ,未知,暂无信息,暂无信息,暂无信息,1,1户
20191030,浦东,金桥,长岛路825弄44号,暂无,0套在售二手房,https://sh.lianjia.com/xiaoqu/5012970554045102/,暂无信息 ,未知,暂无信息,暂无信息,暂无信息,1,1户
20191030,浦东,金桥,长岛路626号,暂无,0套在售二手房,https://sh.lianjia.com/xiaoqu/5012970554045070/,暂无信息 ,未知,暂无信息,暂无信息,暂无信息,1,1户
20191030,浦东,金桥,巨峰路667弄142号,暂无,0套在售二手房,https://sh.lianjia.com/xiaoqu/5012970599658252/,暂无信息 ,未知,暂无信息,暂无信息,暂无信息,1,1户
20191030,浦东,金桥,巨峰路716弄20号,暂无,0套在售二手房,https://sh.lianjia.com/xiaoqu/5012970599658255/,暂无信息 ,未知,暂无信息,暂无信息,暂无信息,1,1户
20191030,浦东,金桥,浦兴路409-411号,暂无,0套在售二手房,https://sh.lianjia.com/xiaoqu/5012970569248835/,暂无信息 ,未知,暂无信息,暂无信息,暂无信息,1,1户
20191030,浦东,金桥,张扬北路535号,暂无,0套在售二手房,https://sh.lianjia.com/xiaoqu/5012970660737267/,暂无信息 ,未知,暂无信息,暂无信息,暂无信息,1,1户
20191030,浦东,金桥,浦兴路403-405号,暂无,0套在售二手房,https://sh.lianjia.com/xiaoqu/5012970569248833/,暂无信息 ,未知,暂无信息,暂无信息,暂无信息,1,1户
20191030,浦东,金桥,川桥路400号,暂无,0套在售二手房,https://sh.lianjia.com/xiaoqu/5012970675941512/,暂无信息 ,未知,暂无信息,暂无信息,暂无信息,1,2户
20191030,浦东,金桥,莱阳路87号,暂无,0套在售二手房,https://sh.lianjia.com/xiaoqu/5012970614862098/,暂无信息 ,未知,暂无信息,暂无信息,暂无信息,1,2户
20191030,浦东,金桥,博兴路500号,暂无,0套在售二手房,https://sh.lianjia.com/xiaoqu/5012970584454142/,暂无信息 ,未知,暂无信息,暂无信息,暂无信息,1,4户
20191030,浦东,金桥,行南路1111号,暂无,0套在售二手房,https://sh.lianjia.com/xiaoqu/5012970630067079/,暂无信息 ,未知,暂无信息,暂无信息,暂无信息,1,1户
20191030,浦东,金桥,莱阳路81号,暂无,0套在售二手房,https://sh.lianjia.com/xiaoqu/5012970614862097/,暂无信息 ,未知,暂无信息,暂无信息,暂无信息,1,1户
20191030,浦东,金桥,莱阳路918号,暂无,0套在售二手房,https://sh.lianjia.com/xiaoqu/5012970614862102/,暂无信息 ,未知,暂无信息,暂无信息,暂无信息,1,1户
20191030,浦东,金桥,五莲路1168号,暂无,0套在售二手房,https://sh.lianjia.com/xiaoqu/5012970614862612/,暂无信息 ,未知,暂无信息,暂无信息,暂无信息,1,1户
20191030,浦东,金桥,柳埠路233号,暂无,0套在售二手房,https://sh.lianjia.com/xiaoqu/5012970706350903/,暂无信息 ,未知,暂无信息,暂无信息,暂无信息,1,2户
20191030,浦东,金桥,柳埠路212号,暂无,0套在售二手房,https://sh.lianjia.com/xiaoqu/5012970706350896/,暂无信息 ,未知,暂无信息,暂无信息,暂无信息,1,2户
20191030,浦东,金桥,柳埠路125号,暂无,0套在售二手房,https://sh.lianjia.com/xiaoqu/5012970706350891/,暂无信息 ,未知,暂无信息,暂无信息,暂无信息,1,1户
20191030,浦东,金桥,张扬北路353号,暂无,0套在售二手房,https://sh.lianjia.com/xiaoqu/5012970660737261/,暂无信息 ,未知,暂无信息,暂无信息,暂无信息,1,1户
20191030,浦东,金桥,东高路18号,暂无,0套在售二手房,https://sh.lianjia.com/xiaoqu/5012970751701514/,暂无信息 ,未知,暂无信息,暂无信息,暂无信息,1,1户
20191030,浦东,金桥,金湘路225弄19号,暂无,0套在售二手房,https://sh.lianjia.com/xiaoqu/5012970751701767/,暂无信息 ,未知,暂无信息,暂无信息,暂无信息,1,1户
20191030,浦东,金桥,凌河路180号,暂无,0套在售二手房,https://sh.lianjia.com/xiaoqu/5012970706350800/,暂无信息 ,未知,暂无信息,暂无信息,暂无信息,1,1户
20191030,浦东,金桥,归昌路289-319号,暂无,0套在售二手房,https://sh.lianjia.com/xiaoqu/5012970782110511/,暂无信息 ,未知,暂无信息,暂无信息,暂无信息,1,3户
20191030,浦东,金桥,东波路425号,暂无,0套在售二手房,https://sh.lianjia.com/xiaoqu/5012970751701377/,暂无信息 ,未知,暂无信息,暂无信息,暂无信息,1,1户
20191030,浦东,金桥,金湘路201弄3-5号,暂无,0套在售二手房,https://sh.lianjia.com/xiaoqu/5012970751701764/,暂无信息 ,未知,暂无信息,暂无信息,暂无信息,1,1户
20191030,浦东,金桥,东靖路419-421号,暂无,0套在售二手房,https://sh.lianjia.com/xiaoqu/5012970751701579/,暂无信息 ,未知,暂无信息,暂无信息,暂无信息,1,1户
20191030,浦东,金桥,金豫路50号,暂无,0套在售二手房,https://sh.lianjia.com/xiaoqu/5012970751701795/,暂无信息 ,未知,暂无信息,暂无信息,暂无信息,1,1户
20191030,浦东,金桥,浦东大道3118号,暂无,0套在售二手房,https://sh.lianjia.com/xiaoqu/5015100118863311/,暂无信息 ,未知,暂无信息,暂无信息,暂无信息,1,1户
20191030,浦东,金桥,潮洞坝26号,暂无,0套在售二手房,https://sh.lianjia.com/xiaoqu/5020029163125503/,暂无信息 ,未知,暂无信息,暂无信息,暂无信息,1,25户
20191030,浦东,金桥,博兴路871号,暂无,0套在售二手房,https://sh.lianjia.com/xiaoqu/5016114437599245/,暂无信息 ,未知,暂无信息,暂无信息,暂无信息,1,1户
20191030,浦东,金桥,东波路217号,暂无,0套在售二手房,https://sh.lianjia.com/xiaoqu/5012970751701371/,暂无信息 ,未知,暂无信息,暂无信息,暂无信息,1,1户
20191030,浦东,金桥,东波路30号,暂无,0套在售二手房,https://sh.lianjia.com/xiaoqu/5012970751701374/,暂无信息 ,未知,暂无信息,暂无信息,暂无信息,1,1户
20191030,浦东,金桥,双桥路283号,暂无,0套在售二手房,https://sh.lianjia.com/xiaoqu/5012970782109854/,暂无信息 ,未知,暂无信息,暂无信息,暂无信息,1,1户
20191030,浦东,金桥,金桥路1359号,暂无,0套在售二手房,https://sh.lianjia.com/xiaoqu/5016389371080585/,1995年建成 ,塔楼,暂无信息,暂无信息,暂无信息,1,23户
20191030,浦东,金桥,金京路1770号,暂无,0套在售二手房,https://sh.lianjia.com/xiaoqu/5016389543047620/,2014年建成 ,未知,暂无信息,暂无信息,暂无信息,1,2户
20191030,浦东,金桥,归昌路383-385号,暂无,0套在售二手房,https://sh.lianjia.com/xiaoqu/5012970782110517/,暂无信息 ,未知,暂无信息,暂无信息,暂无信息,1,1户
20191030,浦东,金桥,莱阳路901号,暂无,0套在售二手房,https://sh.lianjia.com/xiaoqu/5017698083320343/,暂无信息 ,未知,暂无信息,暂无信息,暂无信息,1,1户
20191030,浦东,金桥,乐园路99号,暂无,0套在售二手房,https://sh.lianjia.com/xiaoqu/5017880072073925/,暂无信息 ,未知,暂无信息,暂无信息,暂无信息,1,1户
20191030,浦东,金桥,浦东大道2752号,暂无,0套在售二手房,https://sh.lianjia.com/xiaoqu/5012970443682102/,暂无信息 ,未知,暂无信息,暂无信息,暂无信息,1,1户
20191030,浦东,金桥,博兴路214号,暂无,0套在售二手房,https://sh.lianjia.com/xiaoqu/5012970584454113/,暂无信息 ,未知,暂无信息,暂无信息,暂无信息,1,2户
20191030,浦东,金桥,博兴路208号,暂无,0套在售二手房,https://sh.lianjia.com/xiaoqu/5012970584454110/,暂无信息 ,未知,暂无信息,暂无信息,暂无信息,1,1户
20191030,浦东,金桥,博兴路244号,暂无,0套在售二手房,https://sh.lianjia.com/xiaoqu/5012970584454129/,暂无信息 ,未知,暂无信息,暂无信息,暂无信息,1,1户
20191030,浦东,金桥,博兴路580号,暂无,0套在售二手房,https://sh.lianjia.com/xiaoqu/5012970599657474/,暂无信息 ,未知,暂无信息,暂无信息,暂无信息,1,1户
20191030,浦东,金桥,博兴路1458号,暂无,0套在售二手房,https://sh.lianjia.com/xiaoqu/5012970584454091/,暂无信息 ,未知,暂无信息,暂无信息,暂无信息,1,1户
20191030,浦东,金桥,佳林路92号,暂无,0套在售二手房,https://sh.lianjia.com/xiaoqu/5012970443682498/,暂无信息 ,未知,暂无信息,暂无信息,暂无信息,1,1户
20191030,浦东,金桥,佳林路134号,暂无,0套在售二手房,https://sh.lianjia.com/xiaoqu/5012970443682489/,暂无信息 ,未知,暂无信息,暂无信息,暂无信息,1,1户
20191030,浦东,金桥,金桥大厦(浦东),暂无,0套在售二手房,https://sh.lianjia.com/xiaoqu/5011102208509/,暂无信息 ,未知,暂无信息,暂无信息,暂无信息,1,17户
20191030,浦东,金桥,莱阳路204号,暂无,0套在售二手房,https://sh.lianjia.com/xiaoqu/5012970614862089/,暂无信息 ,未知,暂无信息,暂无信息,暂无信息,1,1户
20191030,浦东,金桥,东陆路1692号,暂无,0套在售二手房,https://sh.lianjia.com/xiaoqu/5012970599657648/,暂无信息 ,未知,暂无信息,暂无信息,暂无信息,1,1户
20191030,浦东,金桥,博兴路570号,暂无,0套在售二手房,https://sh.lianjia.com/xiaoqu/5012970599657473/,暂无信息 ,未知,暂无信息,暂无信息,暂无信息,1,1户
20191030,浦东,金桥,五莲路1735、1739、1745号,暂无,0套在售二手房,https://sh.lianjia.com/xiaoqu/5012970614862620/,暂无信息 ,未知,暂无信息,暂无信息,暂无信息,1,1户
20191030,浦东,金桥,凌河路279号,暂无,0套在售二手房,https://sh.lianjia.com/xiaoqu/5012970706350803/,暂无信息 ,未知,暂无信息,暂无信息,暂无信息,1,1户
20191030,浦东,金桥,佳京路465号,暂无,0套在售二手房,https://sh.lianjia.com/xiaoqu/5016389558274076/,2014年建成 ,未知,暂无信息,暂无信息,暂无信息,1,2户
20191030,浦东,金桥,金高路1288号,暂无,0套在售二手房,https://sh.lianjia.com/xiaoqu/5012970554044649/,暂无信息 ,未知,暂无信息,暂无信息,暂无信息,1,3户
20191030,浦东,金桥,莱阳路914号,暂无,0套在售二手房,https://sh.lianjia.com/xiaoqu/5012970614862101/,暂无信息 ,未知,暂无信息,暂无信息,暂无信息,1,1户
20191030,浦东,金桥,金湘路201弄18号,暂无,0套在售二手房,https://sh.lianjia.com/xiaoqu/5012970751701761/,暂无信息 ,未知,暂无信息,暂无信息,暂无信息,1,1户
20191030,浦东,金桥,五莲路1053号,暂无,0套在售二手房,https://sh.lianjia.com/xiaoqu/5012970614862611/,暂无信息 ,未知,暂无信息,暂无信息,暂无信息,1,1户
20191030,浦东,金桥,博兴路1712-1742号,暂无,0套在售二手房,https://sh.lianjia.com/xiaoqu/5012970584454106/,暂无信息 ,未知,暂无信息,暂无信息,暂无信息,1,2户
20191030,浦东,金桥,博兴路204号,暂无,0套在售二手房,https://sh.lianjia.com/xiaoqu/5012970584454108/,暂无信息 ,未知,暂无信息,暂无信息,暂无信息,1,1户
20191030,浦东,金桥,博兴路239号,暂无,0套在售二手房,https://sh.lianjia.com/xiaoqu/5012970584454126/,暂无信息 ,未知,暂无信息,暂无信息,暂无信息,1,1户
20191030,浦东,金桥,博兴路238号,暂无,0套在售二手房,https://sh.lianjia.com/xiaoqu/5012970584454125/,暂无信息 ,未知,暂无信息,暂无信息,暂无信息,1,1户
20191030,浦东,金桥,胶东路828号,暂无,0套在售二手房,https://sh.lianjia.com/xiaoqu/5012970554044515/,暂无信息 ,未知,暂无信息,暂无信息,暂无信息,1,1户
20191030,浦东,金桥,金港路199弄2号,暂无,0套在售二手房,https://sh.lianjia.com/xiaoqu/5012970554044638/,暂无信息 ,未知,暂无信息,暂无信息,暂无信息,1,1户
20191030,浦东,金桥,金高路2058号,暂无,0套在售二手房,https://sh.lianjia.com/xiaoqu/5012970554044671/,暂无信息 ,未知,暂无信息,暂无信息,暂无信息,1,2户
20191030,浦东,金桥,金高路1296号58号,暂无,0套在售二手房,https://sh.lianjia.com/xiaoqu/5012970554044651/,暂无信息 ,未知,暂无信息,暂无信息,暂无信息,1,1户
20191030,浦东,金桥,张杨北路801号,暂无,0套在售二手房,https://sh.lianjia.com/xiaoqu/5012970554044879/,暂无信息 ,未知,暂无信息,暂无信息,暂无信息,1,1户
20191030,浦东,金桥,长岛路1192号,暂无,0套在售二手房,https://sh.lianjia.com/xiaoqu/5012970554045054/,暂无信息 ,未知,暂无信息,暂无信息,暂无信息,1,1户
20191030,浦东,金桥,利津路491号,暂无,0套在售二手房,https://sh.lianjia.com/xiaoqu/5012970492703318/,暂无信息 ,未知,暂无信息,暂无信息,暂无信息,1,1户
20191030,浦东,金桥,佳林路125号,暂无,0套在售二手房,https://sh.lianjia.com/xiaoqu/5012970443682487/,暂无信息 ,未知,暂无信息,暂无信息,暂无信息,1,1户
20191030,浦东,金桥,金沪路1151号,暂无,0套在售二手房,https://sh.lianjia.com/xiaoqu/5011000004345/,2000年建成 ,未知,暂无信息,暂无信息,暂无信息,1,2户
20191030,浦东,金桥,利津路513号,暂无,0套在售二手房,https://sh.lianjia.com/xiaoqu/5012970492703321/,暂无信息 ,未知,暂无信息,暂无信息,暂无信息,1,1户
20191030,浦东,金桥,蓝庭工坊,暂无,0套在售二手房,https://sh.lianjia.com/xiaoqu/5011102208205/,暂无信息 ,未知,暂无信息,暂无信息,暂无信息,1,10户
20191030,浦东,金桥,金桥谷创意园,暂无,0套在售二手房,https://sh.lianjia.com/xiaoqu/5011102208652/,暂无信息 ,未知,暂无信息,暂无信息,暂无信息,4,18户
20191030,浦东,金桥,张杨北路1014号,暂无,0套在售二手房,https://sh.lianjia.com/xiaoqu/5012970554044870/,暂无信息 ,未知,暂无信息,暂无信息,暂无信息,1,2户
20191030,浦东,金桥,长岛路823弄73号,暂无,0套在售二手房,https://sh.lianjia.com/xiaoqu/5012970554045095/,暂无信息 ,未知,暂无信息,暂无信息,暂无信息,1,1户
20191030,浦东,金桥,胶东路804号,暂无,0套在售二手房,https://sh.lianjia.com/xiaoqu/5012218601058166/,暂无信息 ,板楼,暂无信息,暂无信息,暂无信息,1,1户
20191030,浦东,金桥,浦东大道2793号,暂无,0套在售二手房,https://sh.lianjia.com/xiaoqu/5012970443682105/,暂无信息 ,未知,暂无信息,暂无信息,暂无信息,1,1户
20191030,浦东,金桥,浦东大道2752号,暂无,0套在售二手房,https://sh.lianjia.com/xiaoqu/5012970443682102/,暂无信息 ,未知,暂无信息,暂无信息,暂无信息,1,1户
20191030,浦东,金桥,利津路1345号,暂无,0套在售二手房,https://sh.lianjia.com/xiaoqu/5012970492703309/,暂无信息 ,未知,暂无信息,暂无信息,暂无信息,1,1户
20191030,浦东,金桥,中云国际大厦,暂无,0套在售二手房,https://sh.lianjia.com/xiaoqu/5020034988268954/,暂无信息 ,板楼,暂无信息,南京朗诗深绿物业管理有限公司上海分,上海中云置业有限公司,7,906户
20191030,浦东,金桥,魔方城市公寓,暂无,0套在售二手房,https://sh.lianjia.com/xiaoqu/5020040832598833/,暂无信息 ,未知,暂无信息,暂无信息,暂无信息,1,414户
20191030,浦东,金桥,胶东路832号,暂无,0套在售二手房,https://sh.lianjia.com/xiaoqu/5012970554044516/,暂无信息 ,未知,暂无信息,暂无信息,暂无信息,1,2户
20191030,浦东,金桥,金高路1608号,暂无,0套在售二手房,https://sh.lianjia.com/xiaoqu/5012970554044665/,暂无信息 ,未知,暂无信息,暂无信息,暂无信息,1,2户
20191030,浦东,金桥,长岛路1072号,暂无,0套在售二手房,https://sh.lianjia.com/xiaoqu/5012970554045049/,暂无信息 ,未知,暂无信息,暂无信息,暂无信息,1,1户
20191030,浦东,金桥,上海佳友唯景大酒店,暂无,0套在售二手房,https://sh.lianjia.com/xiaoqu/5011063202232/,2007年建成 ,塔楼,暂无信息,暂无信息,暂无信息,1,420户
20191030,浦东,金桥,博兴路214号,暂无,0套在售二手房,https://sh.lianjia.com/xiaoqu/5012970584454113/,暂无信息 ,未知,暂无信息,暂无信息,暂无信息,1,2户
20191030,浦东,金桥,博兴路208号,暂无,0套在售二手房,https://sh.lianjia.com/xiaoqu/5012970584454110/,暂无信息 ,未知,暂无信息,暂无信息,暂无信息,1,1户
20191030,浦东,金桥,博兴路244号,暂无,0套在售二手房,https://sh.lianjia.com/xiaoqu/5012970584454129/,暂无信息 ,未知,暂无信息,暂无信息,暂无信息,1,1户
20191030,浦东,金桥,博兴路580号,暂无,0套在售二手房,https://sh.lianjia.com/xiaoqu/5012970599657474/,暂无信息 ,未知,暂无信息,暂无信息,暂无信息,1,1户
20191030,浦东,金桥,博兴路1458号,暂无,0套在售二手房,https://sh.lianjia.com/xiaoqu/5012970584454091/,暂无信息 ,未知,暂无信息,暂无信息,暂无信息,1,1户
20191030,浦东,金桥,荷泽路434-438号,暂无,0套在售二手房,https://sh.lianjia.com/xiaoqu/5012970492703666/,暂无信息 ,未知,暂无信息,暂无信息,暂无信息,1,1户
20191030,浦东,金桥,森兰星河湾,暂无,0套在售二手房,https://sh.lianjia.com/xiaoqu/5020040443520277/,暂无信息 ,板楼,暂无信息,广州星河湾物业管理服务有限公司上海分,上海浦东星河湾房地产开发有限公司,10,10户
20191030,浦东,金桥,凯龙金领大厦,暂无,0套在售二手房,https://sh.lianjia.com/xiaoqu/50000000000205/,暂无信息 ,未知,暂无信息,暂无信息,暂无信息,1,2户
20191030,浦东,金桥,利津路677号,暂无,0套在售二手房,https://sh.lianjia.com/xiaoqu/5020023090288796/,暂无信息 ,未知,暂无信息,暂无信息,暂无信息,1,1户
20191030,浦东,金桥,繁锦路662,664号,暂无,0套在售二手房,https://sh.lianjia.com/xiaoqu/5012970599658030/,2006年建成 ,塔板结合,1.98元/平米/月,上海华高物业有限,上海中冶新域置业有限公司,1,1户
20191030,浦东,金桥,博兴路1494号,暂无,0套在售二手房,https://sh.lianjia.com/xiaoqu/5012970584454094/,暂无信息 ,未知,暂无信息,暂无信息,暂无信息,1,1户
20191030,浦东,金桥,浦东大道2738-5号,暂无,0套在售二手房,https://sh.lianjia.com/xiaoqu/5012970443682096/,暂无信息 ,未知,暂无信息,暂无信息,暂无信息,1,1户
20191030,浦东,金桥,金高路1296弄49-50号,暂无,0套在售二手房,https://sh.lianjia.com/xiaoqu/5012970554044657/,暂无信息 ,未知,暂无信息,暂无信息,暂无信息,1,3户
20191030,浦东,金桥,利津路677号,暂无,0套在售二手房,https://sh.lianjia.com/xiaoqu/5020023090288796/,暂无信息 ,未知,暂无信息,暂无信息,暂无信息,1,1户
20191030,浦东,金桥,金领之都,暂无,0套在售二手房,https://sh.lianjia.com/xiaoqu/5011000011049/,2005年建成 ,板楼,暂无信息,上海金陵,上海金陵置业有限公司,41,240户
20191030,浦东,金桥,方正大厦,暂无,0套在售二手房,https://sh.lianjia.com/xiaoqu/5011000012426/,2005年建成 ,未知,暂无信息,上海高科物业管理有限,利德科技发展有限公司,1,286户
20191030,浦东,金桥,同华大厦,暂无,0套在售二手房,https://sh.lianjia.com/xiaoqu/5011000013525/,暂无信息 ,未知,暂无信息,上海金晨物业经营管理有限,上海平土房地产有限公司,1,575户
20191030,浦东,金桥,巨峰路399弄52号,暂无,0套在售二手房,https://sh.lianjia.com/xiaoqu/5020026696022254/,暂无信息 ,未知,暂无信息,暂无信息,暂无信息,1,1户
20191030,浦东,金桥,佳林路88号,暂无,0套在售二手房,https://sh.lianjia.com/xiaoqu/5020025783036808/,暂无信息 ,未知,暂无信息,暂无信息,暂无信息,1,1户
20191030,浦东,金桥,金高路1296弄69号,暂无,0套在售二手房,https://sh.lianjia.com/xiaoqu/5020024623043357/,暂无信息 ,未知,暂无信息,暂无信息,暂无信息,1,1户
20191030,浦东,金桥,巨峰路716号,暂无,0套在售二手房,https://sh.lianjia.com/xiaoqu/5012970599658254/,暂无信息 ,未知,暂无信息,暂无信息,暂无信息,1,1户
20191030,浦东,金桥,胶东路819-821(单号),暂无,0套在售二手房,https://sh.lianjia.com/xiaoqu/5020023598070195/,2004年建成 ,板楼,0.7元/平米/月,上海新金桥物业管理有限,上海金合房地产有限公司,1,1户
20191030,浦东,金桥,五莲路699号,暂无,0套在售二手房,https://sh.lianjia.com/xiaoqu/5016501524148642/,暂无信息 ,未知,暂无信息,暂无信息,暂无信息,1,1户
20191030,浦东,金桥,牟平路99号,暂无,0套在售二手房,https://sh.lianjia.com/xiaoqu/5012970475925947/,暂无信息 ,未知,暂无信息,暂无信息,暂无信息,1,1户
20191030,浦东,金桥,金高路2388号,暂无,0套在售二手房,https://sh.lianjia.com/xiaoqu/5016006048920515/,暂无信息 ,未知,暂无信息,暂无信息,暂无信息,1,1户
20191030,浦东,金桥,长岛路1268号,暂无,0套在售二手房,https://sh.lianjia.com/xiaoqu/5012970554045061/,暂无信息 ,未知,暂无信息,暂无信息,暂无信息,1,1户
20191030,浦东,金桥,胶东路256号,暂无,0套在售二手房,https://sh.lianjia.com/xiaoqu/5012970554044508/,暂无信息 ,未知,暂无信息,暂无信息,暂无信息,1,2户
20191030,浦东,金桥,现代通信大厦,暂无,0套在售二手房,https://sh.lianjia.com/xiaoqu/5011000017834/,2000年建成 ,未知,暂无信息,自主,上海现代通信电器交易市场大厦有限公司,1,113户
20191030,浦东,金桥,金门广场,暂无,0套在售二手房,https://sh.lianjia.com/xiaoqu/5011000010223/,1994年建成 ,未知,暂无信息,暂无信息,暂无信息,1,101户
20191030,浦东,金桥,海东小区,暂无,0套在售二手房,https://sh.lianjia.com/xiaoqu/5011000008330/,1995年建成 ,板楼,0.6元/平米/月,东缘物业有限,上海海东房地产有限公司,5,105户
20191030,浦东,金桥,长岛路810号,暂无,0套在售二手房,https://sh.lianjia.com/xiaoqu/5012943462772749/,暂无信息 ,未知,暂无信息,暂无信息,暂无信息,1,1户
20191030,浦东,金桥,中新传媒大厦,暂无,0套在售二手房,https://sh.lianjia.com/xiaoqu/5011000020260/,暂无信息 ,塔楼,暂无信息,暂无信息,上海中新国闻文化传播有限公司,3,268户
20191030,浦东,金桥,长岛路1083号,暂无,0套在售二手房,https://sh.lianjia.com/xiaoqu/5012970554045051/,2004年建成 ,板楼,1.35元/平米/月,上海欣城物业管理有限,上海金桥出口加工区开发股份有限公司,1,2户
20191030,浦东,金桥,浦东大道2902号,暂无,0套在售二手房,https://sh.lianjia.com/xiaoqu/5013310788383359/,1989年建成 ,板楼,暂无信息,上海金桥物业有限,长岛船厂房产,1,18户
20191030,浦东,金桥,东靖路199号,暂无,0套在售二手房,https://sh.lianjia.com/xiaoqu/5012331699941542/,1998年建成 ,板楼,暂无信息,凌志,山西凌志能源投资集团有限公司,1,8户
20191030,浦东,金桥,浦东大道2740号,暂无,0套在售二手房,https://sh.lianjia.com/xiaoqu/5012970443682098/,暂无信息 ,未知,暂无信息,暂无信息,暂无信息,2,11户
20191030,浦东,金桥,东陆路1660号,暂无,0套在售二手房,https://sh.lianjia.com/xiaoqu/5012970599657643/,暂无信息 ,未知,暂无信息,暂无信息,暂无信息,1,1户
20191030,浦东,金桥,中新传媒大厦,暂无,0套在售二手房,https://sh.lianjia.com/xiaoqu/5011000020260/,暂无信息 ,塔楼,暂无信息,暂无信息,上海中新国闻文化传播有限公司,3,268户
20191030,浦东,金桥,兰城路239号，博兴路332、342、352号,暂无,0套在售二手房,https://sh.lianjia.com/xiaoqu/5015577519238509/,暂无信息 ,未知,暂无信息,暂无信息,暂无信息,1,2户
20191030,浦东,金桥,阳光欧洲城(公寓),暂无,0套在售二手房,https://sh.lianjia.com/xiaoqu/5011000000541/,2004年建成 ,板楼,2.2元/平米/月,暂无信息,暂无信息,16,88户
20191030,浦东,金桥,金桥出口加工区T15,暂无,0套在售二手房,https://sh.lianjia.com/xiaoqu/5020032801245729/,暂无信息 ,未知,暂无信息,暂无信息,暂无信息,4,10户
20191030,浦东,金桥,五莲路699号,暂无,0套在售二手房,https://sh.lianjia.com/xiaoqu/5016501524148642/,暂无信息 ,未知,暂无信息,暂无信息,暂无信息,1,1户
20191030,浦东,金桥,海东小区,暂无,0套在售二手房,https://sh.lianjia.com/xiaoqu/5011000008330/,1995年建成 ,板楼,0.6元/平米/月,东缘物业有限,上海海东房地产有限公司,5,105户
20191030,浦东,金桥,金门广场,暂无,0套在售二手房,https://sh.lianjia.com/xiaoqu/5011000010223/,1994年建成 ,未知,暂无信息,暂无信息,暂无信息,1,101户
20191030,浦东,金桥,长岛路810号,暂无,0套在售二手房,https://sh.lianjia.com/xiaoqu/5012943462772749/,暂无信息 ,未知,暂无信息,暂无信息,暂无信息,1,1户
20191030,浦东,金桥,浦东大道2740号,暂无,0套在售二手房,https://sh.lianjia.com/xiaoqu/5012970443682098/,暂无信息 ,未知,暂无信息,暂无信息,暂无信息,2,11户
20191030,浦东,金桥,牟平路99号,暂无,0套在售二手房,https://sh.lianjia.com/xiaoqu/5012970475925947/,暂无信息 ,未知,暂无信息,暂无信息,暂无信息,1,1户
20191030,浦东,金桥,凌河路519号,暂无,0套在售二手房,https://sh.lianjia.com/xiaoqu/5012970706350804/,暂无信息 ,未知,暂无信息,暂无信息,暂无信息,1,3户
20191030,浦东,金桥,博兴路1587号,暂无,0套在售二手房,https://sh.lianjia.com/xiaoqu/5012970584454098/,暂无信息 ,未知,暂无信息,暂无信息,暂无信息,1,3户
20191030,浦东,金桥,张扬北路3159号,暂无,0套在售二手房,https://sh.lianjia.com/xiaoqu/5012970660737260/,暂无信息 ,未知,暂无信息,暂无信息,暂无信息,1,1户
20191030,浦东,金桥,金桥路261号,暂无,0套在售二手房,https://sh.lianjia.com/xiaoqu/5020027325343416/,暂无信息 ,未知,暂无信息,暂无信息,暂无信息,1,1户
20191030,浦东,金桥,金桥路283号,暂无,0套在售二手房,https://sh.lianjia.com/xiaoqu/5020027324296383/,暂无信息 ,未知,暂无信息,暂无信息,暂无信息,1,1户
20191030,浦东,金桥,现代通信大厦,暂无,0套在售二手房,https://sh.lianjia.com/xiaoqu/5011000017834/,2000年建成 ,未知,暂无信息,自主,上海现代通信电器交易市场大厦有限公司,1,113户
20191030,浦东,金桥,东陆路1660号,暂无,0套在售二手房,https://sh.lianjia.com/xiaoqu/5012970599657643/,暂无信息 ,未知,暂无信息,暂无信息,暂无信息,1,1户
20191030,浦东,金桥,东波路96号,暂无,0套在售二手房,https://sh.lianjia.com/xiaoqu/5020023657892777/,暂无信息 ,未知,暂无信息,暂无信息,暂无信息,1,1户
20191030,浦东,金桥,双桥路229号,暂无,0套在售二手房,https://sh.lianjia.com/xiaoqu/5012970782109852/,暂无信息 ,未知,暂无信息,暂无信息,暂无信息,1,1户
20191030,浦东,金桥,长岛路823弄50号,暂无,0套在售二手房,https://sh.lianjia.com/xiaoqu/5012970554045079/,暂无信息 ,未知,暂无信息,暂无信息,暂无信息,1,1户
20191030,浦东,金桥,浦东大道2902号,暂无,0套在售二手房,https://sh.lianjia.com/xiaoqu/5013310788383359/,1989年建成 ,板楼,暂无信息,上海金桥物业有限,长岛船厂房产,1,18户
20191030,浦东,金桥,金高路1296弄57号,暂无,0套在售二手房,https://sh.lianjia.com/xiaoqu/5020032694264774/,暂无信息 ,未知,暂无信息,暂无信息,暂无信息,1,1户
20191030,浦东,金桥,长岛路1268号,暂无,0套在售二手房,https://sh.lianjia.com/xiaoqu/5012970554045061/,暂无信息 ,未知,暂无信息,暂无信息,暂无信息,1,1户
20191030,浦东,金桥,启帆路400号,暂无,0套在售二手房,https://sh.lianjia.com/xiaoqu/5020027387303541/,2013年建成 ,塔板结合,10元/平米/月,暂无信息,上海外高桥股份开发有限公司,1,2户
20191030,浦东,金桥,东陆路1664号,暂无,0套在售二手房,https://sh.lianjia.com/xiaoqu/5011000020403/,暂无信息 ,未知,暂无信息,暂无信息,暂无信息,1,1户
20191030,浦东,金桥,双桥路237号,暂无,0套在售二手房,https://sh.lianjia.com/xiaoqu/5020027655824571/,暂无信息 ,未知,暂无信息,暂无信息,暂无信息,1,2户
20191030,浦东,金桥,柳埠路214号,暂无,0套在售二手房,https://sh.lianjia.com/xiaoqu/5012970706350897/,暂无信息 ,未知,暂无信息,暂无信息,暂无信息,1,1户
20191030,浦东,金桥,长岛路825弄47号,暂无,0套在售二手房,https://sh.lianjia.com/xiaoqu/5012970554045105/,2005年建成 ,板楼,1.35元/平米/月,上海欣城物业管理有限,上海金桥出口加工区房地产发展有限公司,1,1户
20191030,浦东,金桥,张扬北路3159号,暂无,0套在售二手房,https://sh.lianjia.com/xiaoqu/5012970660737260/,暂无信息 ,未知,暂无信息,暂无信息,暂无信息,1,1户
20191030,浦东,金桥,阳光商都,暂无,0套在售二手房,https://sh.lianjia.com/xiaoqu/5012970569249113/,2014年建成 ,塔板结合,8元/平米/月,阳光城,阳光城集团,1,139户
20191030,浦东,金桥,长岛路825弄48号,暂无,0套在售二手房,https://sh.lianjia.com/xiaoqu/5012970554045106/,暂无信息 ,未知,暂无信息,暂无信息,暂无信息,1,1户
20191030,浦东,金桥,福建天安大厦,暂无,0套在售二手房,https://sh.lianjia.com/xiaoqu/5011000011242/,1997年建成 ,塔楼,21元/平米/月,宏龙,上海鸿昌房地产有限公司,1,285户
20191030,浦东,金桥,同华爱立城,暂无,0套在售二手房,https://sh.lianjia.com/xiaoqu/5011000020306/,暂无信息 ,未知,暂无信息,暂无信息,暂无信息,1,1户
20191030,浦东,金桥,圣莎大酒店,暂无,0套在售二手房,https://sh.lianjia.com/xiaoqu/5011000013094/,2005年建成 ,塔楼,暂无信息,上海圣莎酒店投资管理有限,上海天骄房地产公司,1,504户
20191030,浦东,金桥,启帆路289号,暂无,0套在售二手房,https://sh.lianjia.com/xiaoqu/5014602543312055/,2006年建成 ,塔板结合,1.98元/平米/月,上海华高物业管理有限,上海中冶新域置业有限公司,1,12户
20191030,浦东,金桥,五莲路1668号,暂无,0套在售二手房,https://sh.lianjia.com/xiaoqu/5012970614862614/,暂无信息 ,未知,暂无信息,暂无信息,暂无信息,1,1户
20191030,浦东,金桥,长岛路1073号,暂无,0套在售二手房,https://sh.lianjia.com/xiaoqu/5012970554045050/,2006年建成 ,平房,1.85元/平米/月,上海怡高物业咨询有限,上海金桥出口加工区房地产发展有限公司,1,2户
20191030,浦东,金桥,浦东大道2906号,暂无,0套在售二手房,https://sh.lianjia.com/xiaoqu/5016389506370013/,1989年建成 ,板楼,暂无信息,暂无信息,南通金桥置业有限公司,1,18户
20191030,浦东,金桥,巨峰家苑(别墅),暂无,0套在售二手房,https://sh.lianjia.com/xiaoqu/5011000003781/,2005年建成 ,板楼,1.45元/平米/月,暂无信息,暂无信息,36,36户
20191030,浦东,金桥,浦东北路1350弄,暂无,1套在售二手房,https://sh.lianjia.com/xiaoqu/509821540057837/,1996年建成 ,板楼,0.35元/平米/月,永乐物业，仙霞,上海浦东开发公司,4,63户
20191030,浦东,金桥,金桥商务公寓,33751元/m2,4套在售二手房,https://sh.lianjia.com/xiaoqu/5011000017934/,2005年建成 ,板楼,6元/平米/月,上海日绅置业有限,上海日绅置业有限公司,1,450户
20191030,浦东,金桥,龙腾苑,66333元/m2,0套在售二手房,https://sh.lianjia.com/xiaoqu/5011000011224/,2002年建成 ,板楼,1.5元/平米/月,家屯,上海家屯房地产开发经营有限公司,11,150户
20191030,浦东,金桥,森兰自由度,暂无,1套在售二手房,https://sh.lianjia.com/xiaoqu/5011063726666/,2015年建成 ,板楼,暂无信息,上海华高物业有限,上海朋越投资有限公司,1,90户
20191030,浦东,金桥,东陆锦悦苑,53366元/m2,5套在售二手房,https://sh.lianjia.com/xiaoqu/5011000015122/,2002年建成 ,板楼,0.95元/平米/月,东陆,上海浦东锦悦房地产开发有限责任公司,21,253户
20191030,浦东,金桥,金源商住大厦,53702元/m2,2套在售二手房,https://sh.lianjia.com/xiaoqu/5011000013601/,2003年建成 ,板楼,1.35元/平米/月,上海长宜物业管理有限,上海东上海联合置业有限公司,2,72户
20191030,浦东,金桥,梵克雅堡,暂无,0套在售二手房,https://sh.lianjia.com/xiaoqu/5011000010930/,2014年建成 ,板楼,7元/平米/月,上海联迅有限,上海星力资产经营管理有限公司,30,70户
20191030,浦东,金桥,莱阳路218号,44240元/m2,2套在售二手房,https://sh.lianjia.com/xiaoqu/5011000008361/,1998年建成 ,塔楼,0.9元/平米/月,上海中星集团申城物业有限,上海中星集团申城物业有限公司,1,104户
20191030,浦东,金桥,金桥佳苑,55451元/m2,1套在售二手房,https://sh.lianjia.com/xiaoqu/5011000000905/,2002年建成 ,板楼,0.6元/平米/月,暂无信息,暂无信息,6,66户
20191030,浦东,金桥,禹州国际三期,41440元/m2,0套在售二手房,https://sh.lianjia.com/xiaoqu/5011000018439/,2012年建成 ,塔楼/板楼,暂无信息,暂无信息,暂无信息,4,1493户
20191030,浦东,金桥,南极苑,52456元/m2,0套在售二手房,https://sh.lianjia.com/xiaoqu/5011000013411/,1990年建成 ,板楼,0.5元/平米/月,上海浦东物业管理,浦东房地产开发公司,7,80户
20191030,浦东,金桥,新金桥假日公寓,44667元/m2,0套在售二手房,https://sh.lianjia.com/xiaoqu/5011000002912/,2014年建成 ,塔楼,暂无信息,上海联讯物业管理有限,上海星力资产经营管理有限公司,1,224户
20191030,浦东,金桥,金岛苑,56468元/m2,3套在售二手房,https://sh.lianjia.com/xiaoqu/5011000003465/,2001年建成 ,板楼,1.8元/平米/月,上海建工物业有限,上海建工房产有限公司,8,88户
20191030,浦东,金桥,绿景苑,62791元/m2,0套在售二手房,https://sh.lianjia.com/xiaoqu/5011000015042/,2000年建成 ,板楼,0.7元/平米/月,上海悦华物业管理有限,上海曼浩投资发展有限公司,21,301户
20191030,浦东,金桥,禹洲蓝爵,37921元/m2,16套在售二手房,https://sh.lianjia.com/xiaoqu/5011000009674/,2012年建成 ,塔楼,2.5至6.8元/平米/月,暂无信息,暂无信息,2,723户
20191030,浦东,金桥,阳光欧洲城别墅(二期),54399元/m2,3套在售二手房,https://sh.lianjia.com/xiaoqu/5020038195795151/,2000年建成 ,板楼,1.5元/平米/月,上海市陆家嘴物业管理有限,上海阳光欧洲城投资发展集团有限公司,159,159户
20191030,浦东,金桥,爱立诚大厦,32370元/m2,6套在售二手房,https://sh.lianjia.com/xiaoqu/5011000017680/,2006年建成 ,塔楼,暂无信息,金桥(集团)上海金晨物业经营管理有限,上海平土实业有限公司,1,285户
20191030,浦东,金桥,金桥馨苑,45205元/m2,2套在售二手房,https://sh.lianjia.com/xiaoqu/5011000000906/,1996年建成 ,板楼,0.5元/平米/月,和记物业服务（深圳）有限公司上海高逸尚城分,金馨河城开发有限公司,5,60户
20191030,浦东,金桥,中大苑,43721元/m2,3套在售二手房,https://sh.lianjia.com/xiaoqu/5011000009041/,1996年建成 ,板楼,0.6元/平米/月,自主,上海中大房地产经纪有限公司,32,540户
20191030,浦东,金桥,永宁路122弄,44600元/m2,2套在售二手房,https://sh.lianjia.com/xiaoqu/5011000007554/,1994年建成 ,板楼,暂无信息,上海伟发物业有限,上海伟业开发有限公司,6,108户
20191030,浦东,金桥,融都金桥园,60269元/m2,0套在售二手房,https://sh.lianjia.com/xiaoqu/5011000014044/,2004年建成 ,板楼,1.5元/平米/月,融都,上海融都房产开发有限公司,12,278户
20191030,浦东,金桥,中星长岛苑,64537元/m2,7套在售二手房,https://sh.lianjia.com/xiaoqu/5011000009243/,2003年建成 ,板楼,0.9元/平米/月,东篱春韵物业有限,上海中星（集团）有限公司,46,550户
20191030,浦东,金桥,浦东大道2904号,41680元/m2,2套在售二手房,https://sh.lianjia.com/xiaoqu/5011063213211/,1989年建成 ,板楼,1.2元/平米/月,暂无信息,上海中星集团有限公司,1,18户
20191030,浦东,金桥,永建路86弄,52990元/m2,4套在售二手房,https://sh.lianjia.com/xiaoqu/5011000000613/,2002年建成 ,板楼,0.35至0.8元/平米/月,上海伟发物业有限,上海伟发置业有限公司,31,372户
20191030,浦东,金桥,金桥好人家,59277元/m2,2套在售二手房,https://sh.lianjia.com/xiaoqu/5011000011773/,2001年建成 ,板楼,0.85元/平米/月,上海三维建设工程服务有限,上海金鹏房地产开发有限公司,51,553户
20191030,浦东,金桥,浦江东旭公寓1443弄,49976元/m2,2套在售二手房,https://sh.lianjia.com/xiaoqu/5020038168530866/,2009年建成 ,板楼,1.1元/平米/月,上海实,上海虹阳置业有限公司,8,504户
20191030,浦东,金桥,金桥路835弄,52101元/m2,0套在售二手房,https://sh.lianjia.com/xiaoqu/5011000006250/,1995年建成 ,板楼,0.45元/平米/月,陆行,金桥建设一局,6,140户
20191030,浦东,金桥,阳光欧洲城别墅(四期),77458元/m2,0套在售二手房,https://sh.lianjia.com/xiaoqu/5011000015329/,2004年建成 ,板楼,1.9元/平米/月,上海市陆家嘴物业管理有限,上海阳光欧洲城投资发展集团有限公司,334,334户
20191030,浦东,金桥,阳光国际公寓,59602元/m2,3套在售二手房,https://sh.lianjia.com/xiaoqu/5011000010461/,2005年建成 ,板楼,1.85元/平米/月,上海伟发物业有限,阳光房产发展有限公司,18,282户
20191030,浦东,金桥,碧云东壹栋,31499元/m2,22套在售二手房,https://sh.lianjia.com/xiaoqu/5011000013194/,2007年建成 ,塔楼,5.2元/平米/月,上海雅思物业管理,上海森辉房地产开发有限公司,1,682户
20191030,浦东,金桥,碧云新天地(三期),78377元/m2,5套在售二手房,https://sh.lianjia.com/xiaoqu/5011102208411/,2010年建成 ,板楼,1.98至2.5元/平米/月,上海欣城物业管理有限,金桥出口加工区房产发展有限公司,27,528户
20191030,浦东,金桥,中星嘉莱苑,58341元/m2,2套在售二手房,https://sh.lianjia.com/xiaoqu/5011000010837/,2006年建成 ,板楼,0.95元/平米/月,上海中星集团申城物业有限,上海中星（集团）有限公司,19,255户
20191030,浦东,金桥,碧云公馆,44033元/m2,11套在售二手房,https://sh.lianjia.com/xiaoqu/5011000011561/,1997年建成 ,板楼,2.5至18元/平米/月,戴德梁行,农工商房地产,2,441户
20191030,浦东,金桥,中大雅苑,暂无,2套在售二手房,https://sh.lianjia.com/xiaoqu/5011000013721/,2003年建成 ,板楼,1元/平米/月,上海畅苑物业管理有限,上海中星（集团）有限公司,8,158户
20191030,浦东,金桥,金桥新村四街坊(长岛路1201弄),58078元/m2,4套在售二手房,https://sh.lianjia.com/xiaoqu/5011102208720/,1997年建成 ,板楼,0.55元/平米/月,上海畅苑物业管理有限,上海浦龙集团,70,865户
20191030,浦东,金桥,锦河苑,56392元/m2,1套在售二手房,https://sh.lianjia.com/xiaoqu/5011000003526/,2000年建成 ,板楼,1元/平米/月,上海延吉物业管理有限,上海锦河房地产开发有限公司,35,425户
20191030,浦东,金桥,永建路152弄,43072元/m2,3套在售二手房,https://sh.lianjia.com/xiaoqu/5011000020376/,1994年建成 ,板楼,0.6元/平米/月,上海伟发物业有限,上海伟发置业有限公司,6,72户
20191030,浦东,金桥,金燕家苑,61674元/m2,4套在售二手房,https://sh.lianjia.com/xiaoqu/5011000003405/,2002年建成 ,板楼,1.08元/平米/月,上海畅苑物业管理有限,上海燕欣企业发展有限公司,26,336户
20191030,浦东,金桥,东旭雅苑,47513元/m2,5套在售二手房,https://sh.lianjia.com/xiaoqu/5010907229630025/,2001年建成 ,板楼,0.8元/平米/月,上海红创物业管理有限,上海虹阳置业有限公司,17,1000户
20191030,浦东,金桥,仁恒森兰雅苑mini公馆,54494元/m2,4套在售二手房,https://sh.lianjia.com/xiaoqu/5011102209342/,2014年建成 ,塔楼,5.6元/平米/月,上海仁恒物业管理有限,仁恒置业,1,92户
20191030,浦东,金桥,金新花苑,45766元/m2,3套在售二手房,https://sh.lianjia.com/xiaoqu/5011000010593/,1995年建成 ,板楼,0.75元/平米/月,上海陆家嘴物业管理有限,上海陆家嘴房产开发有限公司,16,230户
20191030,浦东,金桥,南二街坊,58809元/m2,8套在售二手房,https://sh.lianjia.com/xiaoqu/5011000009074/,1998年建成 ,板楼,0.36元/平米/月,伟裕物业管理有限,上海申龙集团,50,594户
20191030,浦东,金桥,金桥中环大厦,25769元/m2,20套在售二手房,https://sh.lianjia.com/xiaoqu/5011000014740/,2007年建成 ,塔板结合,3元/平米/月,上海实红物业管理有限,上海博豪置业发展有限公司,2,555户
20191030,浦东,金桥,金桥一方,63193元/m2,11套在售二手房,https://sh.lianjia.com/xiaoqu/5011000004864/,2005年建成 ,板楼,1.5元/平米/月,金桥一方物业管理,上海新都汇商业投资有限公司,39,598户
20191030,浦东,金桥,佳林路919弄,49183元/m2,5套在售二手房,https://sh.lianjia.com/xiaoqu/5011000000908/,1999年建成 ,板楼,0.7元/平米/月,上海伟发物业有限,上海建工集团,37,414户
